sample,held_out_group,method,label,prediction,score,selected_features
BJ_Y1,BJ,dummy_majority,0,0,0.5,ITPRIPL1;CD46P1;MXRA7;CDC25B;GTF3C5;SEC24D;PARVB;GLYCTK;MRPL9;ASAH1;RBMXL1;HNRNPA1;TMCO3;ATRN;RBM10;PHB2;CTD-2119F7.2;RPSAP9;RP4-560B9.1;HIPK3;PRMT1;LSM7;NLE1;DNAJC22;EIF4A1P10;RCC1;HNRNPA1P7;CCHCR1;CNN2;NHP2;AP000857.1;TRA2B;IFNAR1;FBL;RP11-425L10.1;RPL22L1;RP11-1136G11.6;CYP2E1;GTF3C3;PEG10;RPS15;ZNF300;SCAMP1;MRPL27;SF3A2;EWSR1;ITPRIP;HNRNPA3P3;NPM1;C19orf48;RPL18AP3;ALDH18A1;DUS3L;RFXANK;ADSL;FAM54B;U2AF1;RPL36A;PECR;CCND2;RP11-153M3.1;B3GNTL1;GMPSP1;IQGAP3;TMEM245;UTP14A;RP11-12M9.3;ILF3;DLX1;APEX1;TMEM59;RP11-110C15.4;RPS23P8;SNRPA;EDC3;RP11-393N4.2;FBXL17;CPNE2;POLR3D;GABARAPL2;PTMA;ZNF511;FH;PTBP1;TMEM178B;KBTBD3;ATP5SL;SAE1;CAD;IDS;PHB;LEPROT;DAZAP1;BANF1;PIK3IP1;HNRNPU;INTS4;HSPD1P1;GTPBP6;NUDT1
BJ_Y2,BJ,dummy_majority,0,0,0.5,ITPRIPL1;CD46P1;MXRA7;CDC25B;GTF3C5;SEC24D;PARVB;GLYCTK;MRPL9;ASAH1;RBMXL1;HNRNPA1;TMCO3;ATRN;RBM10;PHB2;CTD-2119F7.2;RPSAP9;RP4-560B9.1;HIPK3;PRMT1;LSM7;NLE1;DNAJC22;EIF4A1P10;RCC1;HNRNPA1P7;CCHCR1;CNN2;NHP2;AP000857.1;TRA2B;IFNAR1;FBL;RP11-425L10.1;RPL22L1;RP11-1136G11.6;CYP2E1;GTF3C3;PEG10;RPS15;ZNF300;SCAMP1;MRPL27;SF3A2;EWSR1;ITPRIP;HNRNPA3P3;NPM1;C19orf48;RPL18AP3;ALDH18A1;DUS3L;RFXANK;ADSL;FAM54B;U2AF1;RPL36A;PECR;CCND2;RP11-153M3.1;B3GNTL1;GMPSP1;IQGAP3;TMEM245;UTP14A;RP11-12M9.3;ILF3;DLX1;APEX1;TMEM59;RP11-110C15.4;RPS23P8;SNRPA;EDC3;RP11-393N4.2;FBXL17;CPNE2;POLR3D;GABARAPL2;PTMA;ZNF511;FH;PTBP1;TMEM178B;KBTBD3;ATP5SL;SAE1;CAD;IDS;PHB;LEPROT;DAZAP1;BANF1;PIK3IP1;HNRNPU;INTS4;HSPD1P1;GTPBP6;NUDT1
BJ_Y3,BJ,dummy_majority,0,0,0.5,ITPRIPL1;CD46P1;MXRA7;CDC25B;GTF3C5;SEC24D;PARVB;GLYCTK;MRPL9;ASAH1;RBMXL1;HNRNPA1;TMCO3;ATRN;RBM10;PHB2;CTD-2119F7.2;RPSAP9;RP4-560B9.1;HIPK3;PRMT1;LSM7;NLE1;DNAJC22;EIF4A1P10;RCC1;HNRNPA1P7;CCHCR1;CNN2;NHP2;AP000857.1;TRA2B;IFNAR1;FBL;RP11-425L10.1;RPL22L1;RP11-1136G11.6;CYP2E1;GTF3C3;PEG10;RPS15;ZNF300;SCAMP1;MRPL27;SF3A2;EWSR1;ITPRIP;HNRNPA3P3;NPM1;C19orf48;RPL18AP3;ALDH18A1;DUS3L;RFXANK;ADSL;FAM54B;U2AF1;RPL36A;PECR;CCND2;RP11-153M3.1;B3GNTL1;GMPSP1;IQGAP3;TMEM245;UTP14A;RP11-12M9.3;ILF3;DLX1;APEX1;TMEM59;RP11-110C15.4;RPS23P8;SNRPA;EDC3;RP11-393N4.2;FBXL17;CPNE2;POLR3D;GABARAPL2;PTMA;ZNF511;FH;PTBP1;TMEM178B;KBTBD3;ATP5SL;SAE1;CAD;IDS;PHB;LEPROT;DAZAP1;BANF1;PIK3IP1;HNRNPU;INTS4;HSPD1P1;GTPBP6;NUDT1
BJ_OLD_1,BJ,dummy_majority,1,0,0.5,ITPRIPL1;CD46P1;MXRA7;CDC25B;GTF3C5;SEC24D;PARVB;GLYCTK;MRPL9;ASAH1;RBMXL1;HNRNPA1;TMCO3;ATRN;RBM10;PHB2;CTD-2119F7.2;RPSAP9;RP4-560B9.1;HIPK3;PRMT1;LSM7;NLE1;DNAJC22;EIF4A1P10;RCC1;HNRNPA1P7;CCHCR1;CNN2;NHP2;AP000857.1;TRA2B;IFNAR1;FBL;RP11-425L10.1;RPL22L1;RP11-1136G11.6;CYP2E1;GTF3C3;PEG10;RPS15;ZNF300;SCAMP1;MRPL27;SF3A2;EWSR1;ITPRIP;HNRNPA3P3;NPM1;C19orf48;RPL18AP3;ALDH18A1;DUS3L;RFXANK;ADSL;FAM54B;U2AF1;RPL36A;PECR;CCND2;RP11-153M3.1;B3GNTL1;GMPSP1;IQGAP3;TMEM245;UTP14A;RP11-12M9.3;ILF3;DLX1;APEX1;TMEM59;RP11-110C15.4;RPS23P8;SNRPA;EDC3;RP11-393N4.2;FBXL17;CPNE2;POLR3D;GABARAPL2;PTMA;ZNF511;FH;PTBP1;TMEM178B;KBTBD3;ATP5SL;SAE1;CAD;IDS;PHB;LEPROT;DAZAP1;BANF1;PIK3IP1;HNRNPU;INTS4;HSPD1P1;GTPBP6;NUDT1
BJ_OLD_2,BJ,dummy_majority,1,0,0.5,ITPRIPL1;CD46P1;MXRA7;CDC25B;GTF3C5;SEC24D;PARVB;GLYCTK;MRPL9;ASAH1;RBMXL1;HNRNPA1;TMCO3;ATRN;RBM10;PHB2;CTD-2119F7.2;RPSAP9;RP4-560B9.1;HIPK3;PRMT1;LSM7;NLE1;DNAJC22;EIF4A1P10;RCC1;HNRNPA1P7;CCHCR1;CNN2;NHP2;AP000857.1;TRA2B;IFNAR1;FBL;RP11-425L10.1;RPL22L1;RP11-1136G11.6;CYP2E1;GTF3C3;PEG10;RPS15;ZNF300;SCAMP1;MRPL27;SF3A2;EWSR1;ITPRIP;HNRNPA3P3;NPM1;C19orf48;RPL18AP3;ALDH18A1;DUS3L;RFXANK;ADSL;FAM54B;U2AF1;RPL36A;PECR;CCND2;RP11-153M3.1;B3GNTL1;GMPSP1;IQGAP3;TMEM245;UTP14A;RP11-12M9.3;ILF3;DLX1;APEX1;TMEM59;RP11-110C15.4;RPS23P8;SNRPA;EDC3;RP11-393N4.2;FBXL17;CPNE2;POLR3D;GABARAPL2;PTMA;ZNF511;FH;PTBP1;TMEM178B;KBTBD3;ATP5SL;SAE1;CAD;IDS;PHB;LEPROT;DAZAP1;BANF1;PIK3IP1;HNRNPU;INTS4;HSPD1P1;GTPBP6;NUDT1
BJ_OLD_3,BJ,dummy_majority,1,0,0.5,ITPRIPL1;CD46P1;MXRA7;CDC25B;GTF3C5;SEC24D;PARVB;GLYCTK;MRPL9;ASAH1;RBMXL1;HNRNPA1;TMCO3;ATRN;RBM10;PHB2;CTD-2119F7.2;RPSAP9;RP4-560B9.1;HIPK3;PRMT1;LSM7;NLE1;DNAJC22;EIF4A1P10;RCC1;HNRNPA1P7;CCHCR1;CNN2;NHP2;AP000857.1;TRA2B;IFNAR1;FBL;RP11-425L10.1;RPL22L1;RP11-1136G11.6;CYP2E1;GTF3C3;PEG10;RPS15;ZNF300;SCAMP1;MRPL27;SF3A2;EWSR1;ITPRIP;HNRNPA3P3;NPM1;C19orf48;RPL18AP3;ALDH18A1;DUS3L;RFXANK;ADSL;FAM54B;U2AF1;RPL36A;PECR;CCND2;RP11-153M3.1;B3GNTL1;GMPSP1;IQGAP3;TMEM245;UTP14A;RP11-12M9.3;ILF3;DLX1;APEX1;TMEM59;RP11-110C15.4;RPS23P8;SNRPA;EDC3;RP11-393N4.2;FBXL17;CPNE2;POLR3D;GABARAPL2;PTMA;ZNF511;FH;PTBP1;TMEM178B;KBTBD3;ATP5SL;SAE1;CAD;IDS;PHB;LEPROT;DAZAP1;BANF1;PIK3IP1;HNRNPU;INTS4;HSPD1P1;GTPBP6;NUDT1
BJ_Y1,BJ,nearest_centroid_top,0,0,1.0394355547208331e-181,ITPRIPL1;CD46P1;MXRA7;CDC25B;GTF3C5;SEC24D;PARVB;GLYCTK;MRPL9;ASAH1;RBMXL1;HNRNPA1;TMCO3;ATRN;RBM10;PHB2;CTD-2119F7.2;RPSAP9;RP4-560B9.1;HIPK3;PRMT1;LSM7;NLE1;DNAJC22;EIF4A1P10;RCC1;HNRNPA1P7;CCHCR1;CNN2;NHP2;AP000857.1;TRA2B;IFNAR1;FBL;RP11-425L10.1;RPL22L1;RP11-1136G11.6;CYP2E1;GTF3C3;PEG10;RPS15;ZNF300;SCAMP1;MRPL27;SF3A2;EWSR1;ITPRIP;HNRNPA3P3;NPM1;C19orf48;RPL18AP3;ALDH18A1;DUS3L;RFXANK;ADSL;FAM54B;U2AF1;RPL36A;PECR;CCND2;RP11-153M3.1;B3GNTL1;GMPSP1;IQGAP3;TMEM245;UTP14A;RP11-12M9.3;ILF3;DLX1;APEX1;TMEM59;RP11-110C15.4;RPS23P8;SNRPA;EDC3;RP11-393N4.2;FBXL17;CPNE2;POLR3D;GABARAPL2;PTMA;ZNF511;FH;PTBP1;TMEM178B;KBTBD3;ATP5SL;SAE1;CAD;IDS;PHB;LEPROT;DAZAP1;BANF1;PIK3IP1;HNRNPU;INTS4;HSPD1P1;GTPBP6;NUDT1
BJ_Y2,BJ,nearest_centroid_top,0,0,2.5134318078235272e-162,ITPRIPL1;CD46P1;MXRA7;CDC25B;GTF3C5;SEC24D;PARVB;GLYCTK;MRPL9;ASAH1;RBMXL1;HNRNPA1;TMCO3;ATRN;RBM10;PHB2;CTD-2119F7.2;RPSAP9;RP4-560B9.1;HIPK3;PRMT1;LSM7;NLE1;DNAJC22;EIF4A1P10;RCC1;HNRNPA1P7;CCHCR1;CNN2;NHP2;AP000857.1;TRA2B;IFNAR1;FBL;RP11-425L10.1;RPL22L1;RP11-1136G11.6;CYP2E1;GTF3C3;PEG10;RPS15;ZNF300;SCAMP1;MRPL27;SF3A2;EWSR1;ITPRIP;HNRNPA3P3;NPM1;C19orf48;RPL18AP3;ALDH18A1;DUS3L;RFXANK;ADSL;FAM54B;U2AF1;RPL36A;PECR;CCND2;RP11-153M3.1;B3GNTL1;GMPSP1;IQGAP3;TMEM245;UTP14A;RP11-12M9.3;ILF3;DLX1;APEX1;TMEM59;RP11-110C15.4;RPS23P8;SNRPA;EDC3;RP11-393N4.2;FBXL17;CPNE2;POLR3D;GABARAPL2;PTMA;ZNF511;FH;PTBP1;TMEM178B;KBTBD3;ATP5SL;SAE1;CAD;IDS;PHB;LEPROT;DAZAP1;BANF1;PIK3IP1;HNRNPU;INTS4;HSPD1P1;GTPBP6;NUDT1
BJ_Y3,BJ,nearest_centroid_top,0,0,6.820872159214107e-156,ITPRIPL1;CD46P1;MXRA7;CDC25B;GTF3C5;SEC24D;PARVB;GLYCTK;MRPL9;ASAH1;RBMXL1;HNRNPA1;TMCO3;ATRN;RBM10;PHB2;CTD-2119F7.2;RPSAP9;RP4-560B9.1;HIPK3;PRMT1;LSM7;NLE1;DNAJC22;EIF4A1P10;RCC1;HNRNPA1P7;CCHCR1;CNN2;NHP2;AP000857.1;TRA2B;IFNAR1;FBL;RP11-425L10.1;RPL22L1;RP11-1136G11.6;CYP2E1;GTF3C3;PEG10;RPS15;ZNF300;SCAMP1;MRPL27;SF3A2;EWSR1;ITPRIP;HNRNPA3P3;NPM1;C19orf48;RPL18AP3;ALDH18A1;DUS3L;RFXANK;ADSL;FAM54B;U2AF1;RPL36A;PECR;CCND2;RP11-153M3.1;B3GNTL1;GMPSP1;IQGAP3;TMEM245;UTP14A;RP11-12M9.3;ILF3;DLX1;APEX1;TMEM59;RP11-110C15.4;RPS23P8;SNRPA;EDC3;RP11-393N4.2;FBXL17;CPNE2;POLR3D;GABARAPL2;PTMA;ZNF511;FH;PTBP1;TMEM178B;KBTBD3;ATP5SL;SAE1;CAD;IDS;PHB;LEPROT;DAZAP1;BANF1;PIK3IP1;HNRNPU;INTS4;HSPD1P1;GTPBP6;NUDT1
BJ_OLD_1,BJ,nearest_centroid_top,1,1,1.0,ITPRIPL1;CD46P1;MXRA7;CDC25B;GTF3C5;SEC24D;PARVB;GLYCTK;MRPL9;ASAH1;RBMXL1;HNRNPA1;TMCO3;ATRN;RBM10;PHB2;CTD-2119F7.2;RPSAP9;RP4-560B9.1;HIPK3;PRMT1;LSM7;NLE1;DNAJC22;EIF4A1P10;RCC1;HNRNPA1P7;CCHCR1;CNN2;NHP2;AP000857.1;TRA2B;IFNAR1;FBL;RP11-425L10.1;RPL22L1;RP11-1136G11.6;CYP2E1;GTF3C3;PEG10;RPS15;ZNF300;SCAMP1;MRPL27;SF3A2;EWSR1;ITPRIP;HNRNPA3P3;NPM1;C19orf48;RPL18AP3;ALDH18A1;DUS3L;RFXANK;ADSL;FAM54B;U2AF1;RPL36A;PECR;CCND2;RP11-153M3.1;B3GNTL1;GMPSP1;IQGAP3;TMEM245;UTP14A;RP11-12M9.3;ILF3;DLX1;APEX1;TMEM59;RP11-110C15.4;RPS23P8;SNRPA;EDC3;RP11-393N4.2;FBXL17;CPNE2;POLR3D;GABARAPL2;PTMA;ZNF511;FH;PTBP1;TMEM178B;KBTBD3;ATP5SL;SAE1;CAD;IDS;PHB;LEPROT;DAZAP1;BANF1;PIK3IP1;HNRNPU;INTS4;HSPD1P1;GTPBP6;NUDT1
BJ_OLD_2,BJ,nearest_centroid_top,1,1,1.0,ITPRIPL1;CD46P1;MXRA7;CDC25B;GTF3C5;SEC24D;PARVB;GLYCTK;MRPL9;ASAH1;RBMXL1;HNRNPA1;TMCO3;ATRN;RBM10;PHB2;CTD-2119F7.2;RPSAP9;RP4-560B9.1;HIPK3;PRMT1;LSM7;NLE1;DNAJC22;EIF4A1P10;RCC1;HNRNPA1P7;CCHCR1;CNN2;NHP2;AP000857.1;TRA2B;IFNAR1;FBL;RP11-425L10.1;RPL22L1;RP11-1136G11.6;CYP2E1;GTF3C3;PEG10;RPS15;ZNF300;SCAMP1;MRPL27;SF3A2;EWSR1;ITPRIP;HNRNPA3P3;NPM1;C19orf48;RPL18AP3;ALDH18A1;DUS3L;RFXANK;ADSL;FAM54B;U2AF1;RPL36A;PECR;CCND2;RP11-153M3.1;B3GNTL1;GMPSP1;IQGAP3;TMEM245;UTP14A;RP11-12M9.3;ILF3;DLX1;APEX1;TMEM59;RP11-110C15.4;RPS23P8;SNRPA;EDC3;RP11-393N4.2;FBXL17;CPNE2;POLR3D;GABARAPL2;PTMA;ZNF511;FH;PTBP1;TMEM178B;KBTBD3;ATP5SL;SAE1;CAD;IDS;PHB;LEPROT;DAZAP1;BANF1;PIK3IP1;HNRNPU;INTS4;HSPD1P1;GTPBP6;NUDT1
BJ_OLD_3,BJ,nearest_centroid_top,1,1,1.0,ITPRIPL1;CD46P1;MXRA7;CDC25B;GTF3C5;SEC24D;PARVB;GLYCTK;MRPL9;ASAH1;RBMXL1;HNRNPA1;TMCO3;ATRN;RBM10;PHB2;CTD-2119F7.2;RPSAP9;RP4-560B9.1;HIPK3;PRMT1;LSM7;NLE1;DNAJC22;EIF4A1P10;RCC1;HNRNPA1P7;CCHCR1;CNN2;NHP2;AP000857.1;TRA2B;IFNAR1;FBL;RP11-425L10.1;RPL22L1;RP11-1136G11.6;CYP2E1;GTF3C3;PEG10;RPS15;ZNF300;SCAMP1;MRPL27;SF3A2;EWSR1;ITPRIP;HNRNPA3P3;NPM1;C19orf48;RPL18AP3;ALDH18A1;DUS3L;RFXANK;ADSL;FAM54B;U2AF1;RPL36A;PECR;CCND2;RP11-153M3.1;B3GNTL1;GMPSP1;IQGAP3;TMEM245;UTP14A;RP11-12M9.3;ILF3;DLX1;APEX1;TMEM59;RP11-110C15.4;RPS23P8;SNRPA;EDC3;RP11-393N4.2;FBXL17;CPNE2;POLR3D;GABARAPL2;PTMA;ZNF511;FH;PTBP1;TMEM178B;KBTBD3;ATP5SL;SAE1;CAD;IDS;PHB;LEPROT;DAZAP1;BANF1;PIK3IP1;HNRNPU;INTS4;HSPD1P1;GTPBP6;NUDT1
BJ_Y1,BJ,linear_svm_top,0,1,0.45708768730973653,ITPRIPL1;CD46P1;MXRA7;CDC25B;GTF3C5;SEC24D;PARVB;GLYCTK;MRPL9;ASAH1;RBMXL1;HNRNPA1;TMCO3;ATRN;RBM10;PHB2;CTD-2119F7.2;RPSAP9;RP4-560B9.1;HIPK3;PRMT1;LSM7;NLE1;DNAJC22;EIF4A1P10;RCC1;HNRNPA1P7;CCHCR1;CNN2;NHP2;AP000857.1;TRA2B;IFNAR1;FBL;RP11-425L10.1;RPL22L1;RP11-1136G11.6;CYP2E1;GTF3C3;PEG10;RPS15;ZNF300;SCAMP1;MRPL27;SF3A2;EWSR1;ITPRIP;HNRNPA3P3;NPM1;C19orf48;RPL18AP3;ALDH18A1;DUS3L;RFXANK;ADSL;FAM54B;U2AF1;RPL36A;PECR;CCND2;RP11-153M3.1;B3GNTL1;GMPSP1;IQGAP3;TMEM245;UTP14A;RP11-12M9.3;ILF3;DLX1;APEX1;TMEM59;RP11-110C15.4;RPS23P8;SNRPA;EDC3;RP11-393N4.2;FBXL17;CPNE2;POLR3D;GABARAPL2;PTMA;ZNF511;FH;PTBP1;TMEM178B;KBTBD3;ATP5SL;SAE1;CAD;IDS;PHB;LEPROT;DAZAP1;BANF1;PIK3IP1;HNRNPU;INTS4;HSPD1P1;GTPBP6;NUDT1
BJ_Y2,BJ,linear_svm_top,0,1,0.6664052362383526,ITPRIPL1;CD46P1;MXRA7;CDC25B;GTF3C5;SEC24D;PARVB;GLYCTK;MRPL9;ASAH1;RBMXL1;HNRNPA1;TMCO3;ATRN;RBM10;PHB2;CTD-2119F7.2;RPSAP9;RP4-560B9.1;HIPK3;PRMT1;LSM7;NLE1;DNAJC22;EIF4A1P10;RCC1;HNRNPA1P7;CCHCR1;CNN2;NHP2;AP000857.1;TRA2B;IFNAR1;FBL;RP11-425L10.1;RPL22L1;RP11-1136G11.6;CYP2E1;GTF3C3;PEG10;RPS15;ZNF300;SCAMP1;MRPL27;SF3A2;EWSR1;ITPRIP;HNRNPA3P3;NPM1;C19orf48;RPL18AP3;ALDH18A1;DUS3L;RFXANK;ADSL;FAM54B;U2AF1;RPL36A;PECR;CCND2;RP11-153M3.1;B3GNTL1;GMPSP1;IQGAP3;TMEM245;UTP14A;RP11-12M9.3;ILF3;DLX1;APEX1;TMEM59;RP11-110C15.4;RPS23P8;SNRPA;EDC3;RP11-393N4.2;FBXL17;CPNE2;POLR3D;GABARAPL2;PTMA;ZNF511;FH;PTBP1;TMEM178B;KBTBD3;ATP5SL;SAE1;CAD;IDS;PHB;LEPROT;DAZAP1;BANF1;PIK3IP1;HNRNPU;INTS4;HSPD1P1;GTPBP6;NUDT1
BJ_Y3,BJ,linear_svm_top,0,1,0.5509299557640029,ITPRIPL1;CD46P1;MXRA7;CDC25B;GTF3C5;SEC24D;PARVB;GLYCTK;MRPL9;ASAH1;RBMXL1;HNRNPA1;TMCO3;ATRN;RBM10;PHB2;CTD-2119F7.2;RPSAP9;RP4-560B9.1;HIPK3;PRMT1;LSM7;NLE1;DNAJC22;EIF4A1P10;RCC1;HNRNPA1P7;CCHCR1;CNN2;NHP2;AP000857.1;TRA2B;IFNAR1;FBL;RP11-425L10.1;RPL22L1;RP11-1136G11.6;CYP2E1;GTF3C3;PEG10;RPS15;ZNF300;SCAMP1;MRPL27;SF3A2;EWSR1;ITPRIP;HNRNPA3P3;NPM1;C19orf48;RPL18AP3;ALDH18A1;DUS3L;RFXANK;ADSL;FAM54B;U2AF1;RPL36A;PECR;CCND2;RP11-153M3.1;B3GNTL1;GMPSP1;IQGAP3;TMEM245;UTP14A;RP11-12M9.3;ILF3;DLX1;APEX1;TMEM59;RP11-110C15.4;RPS23P8;SNRPA;EDC3;RP11-393N4.2;FBXL17;CPNE2;POLR3D;GABARAPL2;PTMA;ZNF511;FH;PTBP1;TMEM178B;KBTBD3;ATP5SL;SAE1;CAD;IDS;PHB;LEPROT;DAZAP1;BANF1;PIK3IP1;HNRNPU;INTS4;HSPD1P1;GTPBP6;NUDT1
BJ_OLD_1,BJ,linear_svm_top,1,1,1.2897577946221779,ITPRIPL1;CD46P1;MXRA7;CDC25B;GTF3C5;SEC24D;PARVB;GLYCTK;MRPL9;ASAH1;RBMXL1;HNRNPA1;TMCO3;ATRN;RBM10;PHB2;CTD-2119F7.2;RPSAP9;RP4-560B9.1;HIPK3;PRMT1;LSM7;NLE1;DNAJC22;EIF4A1P10;RCC1;HNRNPA1P7;CCHCR1;CNN2;NHP2;AP000857.1;TRA2B;IFNAR1;FBL;RP11-425L10.1;RPL22L1;RP11-1136G11.6;CYP2E1;GTF3C3;PEG10;RPS15;ZNF300;SCAMP1;MRPL27;SF3A2;EWSR1;ITPRIP;HNRNPA3P3;NPM1;C19orf48;RPL18AP3;ALDH18A1;DUS3L;RFXANK;ADSL;FAM54B;U2AF1;RPL36A;PECR;CCND2;RP11-153M3.1;B3GNTL1;GMPSP1;IQGAP3;TMEM245;UTP14A;RP11-12M9.3;ILF3;DLX1;APEX1;TMEM59;RP11-110C15.4;RPS23P8;SNRPA;EDC3;RP11-393N4.2;FBXL17;CPNE2;POLR3D;GABARAPL2;PTMA;ZNF511;FH;PTBP1;TMEM178B;KBTBD3;ATP5SL;SAE1;CAD;IDS;PHB;LEPROT;DAZAP1;BANF1;PIK3IP1;HNRNPU;INTS4;HSPD1P1;GTPBP6;NUDT1
BJ_OLD_2,BJ,linear_svm_top,1,1,0.8968147949933929,ITPRIPL1;CD46P1;MXRA7;CDC25B;GTF3C5;SEC24D;PARVB;GLYCTK;MRPL9;ASAH1;RBMXL1;HNRNPA1;TMCO3;ATRN;RBM10;PHB2;CTD-2119F7.2;RPSAP9;RP4-560B9.1;HIPK3;PRMT1;LSM7;NLE1;DNAJC22;EIF4A1P10;RCC1;HNRNPA1P7;CCHCR1;CNN2;NHP2;AP000857.1;TRA2B;IFNAR1;FBL;RP11-425L10.1;RPL22L1;RP11-1136G11.6;CYP2E1;GTF3C3;PEG10;RPS15;ZNF300;SCAMP1;MRPL27;SF3A2;EWSR1;ITPRIP;HNRNPA3P3;NPM1;C19orf48;RPL18AP3;ALDH18A1;DUS3L;RFXANK;ADSL;FAM54B;U2AF1;RPL36A;PECR;CCND2;RP11-153M3.1;B3GNTL1;GMPSP1;IQGAP3;TMEM245;UTP14A;RP11-12M9.3;ILF3;DLX1;APEX1;TMEM59;RP11-110C15.4;RPS23P8;SNRPA;EDC3;RP11-393N4.2;FBXL17;CPNE2;POLR3D;GABARAPL2;PTMA;ZNF511;FH;PTBP1;TMEM178B;KBTBD3;ATP5SL;SAE1;CAD;IDS;PHB;LEPROT;DAZAP1;BANF1;PIK3IP1;HNRNPU;INTS4;HSPD1P1;GTPBP6;NUDT1
BJ_OLD_3,BJ,linear_svm_top,1,1,1.0496797180289348,ITPRIPL1;CD46P1;MXRA7;CDC25B;GTF3C5;SEC24D;PARVB;GLYCTK;MRPL9;ASAH1;RBMXL1;HNRNPA1;TMCO3;ATRN;RBM10;PHB2;CTD-2119F7.2;RPSAP9;RP4-560B9.1;HIPK3;PRMT1;LSM7;NLE1;DNAJC22;EIF4A1P10;RCC1;HNRNPA1P7;CCHCR1;CNN2;NHP2;AP000857.1;TRA2B;IFNAR1;FBL;RP11-425L10.1;RPL22L1;RP11-1136G11.6;CYP2E1;GTF3C3;PEG10;RPS15;ZNF300;SCAMP1;MRPL27;SF3A2;EWSR1;ITPRIP;HNRNPA3P3;NPM1;C19orf48;RPL18AP3;ALDH18A1;DUS3L;RFXANK;ADSL;FAM54B;U2AF1;RPL36A;PECR;CCND2;RP11-153M3.1;B3GNTL1;GMPSP1;IQGAP3;TMEM245;UTP14A;RP11-12M9.3;ILF3;DLX1;APEX1;TMEM59;RP11-110C15.4;RPS23P8;SNRPA;EDC3;RP11-393N4.2;FBXL17;CPNE2;POLR3D;GABARAPL2;PTMA;ZNF511;FH;PTBP1;TMEM178B;KBTBD3;ATP5SL;SAE1;CAD;IDS;PHB;LEPROT;DAZAP1;BANF1;PIK3IP1;HNRNPU;INTS4;HSPD1P1;GTPBP6;NUDT1
BJ_Y1,BJ,logistic_top,0,1,0.8474391352903601,ITPRIPL1;CD46P1;MXRA7;CDC25B;GTF3C5;SEC24D;PARVB;GLYCTK;MRPL9;ASAH1;RBMXL1;HNRNPA1;TMCO3;ATRN;RBM10;PHB2;CTD-2119F7.2;RPSAP9;RP4-560B9.1;HIPK3;PRMT1;LSM7;NLE1;DNAJC22;EIF4A1P10;RCC1;HNRNPA1P7;CCHCR1;CNN2;NHP2;AP000857.1;TRA2B;IFNAR1;FBL;RP11-425L10.1;RPL22L1;RP11-1136G11.6;CYP2E1;GTF3C3;PEG10;RPS15;ZNF300;SCAMP1;MRPL27;SF3A2;EWSR1;ITPRIP;HNRNPA3P3;NPM1;C19orf48;RPL18AP3;ALDH18A1;DUS3L;RFXANK;ADSL;FAM54B;U2AF1;RPL36A;PECR;CCND2;RP11-153M3.1;B3GNTL1;GMPSP1;IQGAP3;TMEM245;UTP14A;RP11-12M9.3;ILF3;DLX1;APEX1;TMEM59;RP11-110C15.4;RPS23P8;SNRPA;EDC3;RP11-393N4.2;FBXL17;CPNE2;POLR3D;GABARAPL2;PTMA;ZNF511;FH;PTBP1;TMEM178B;KBTBD3;ATP5SL;SAE1;CAD;IDS;PHB;LEPROT;DAZAP1;BANF1;PIK3IP1;HNRNPU;INTS4;HSPD1P1;GTPBP6;NUDT1
BJ_Y2,BJ,logistic_top,0,1,0.8928292478675179,ITPRIPL1;CD46P1;MXRA7;CDC25B;GTF3C5;SEC24D;PARVB;GLYCTK;MRPL9;ASAH1;RBMXL1;HNRNPA1;TMCO3;ATRN;RBM10;PHB2;CTD-2119F7.2;RPSAP9;RP4-560B9.1;HIPK3;PRMT1;LSM7;NLE1;DNAJC22;EIF4A1P10;RCC1;HNRNPA1P7;CCHCR1;CNN2;NHP2;AP000857.1;TRA2B;IFNAR1;FBL;RP11-425L10.1;RPL22L1;RP11-1136G11.6;CYP2E1;GTF3C3;PEG10;RPS15;ZNF300;SCAMP1;MRPL27;SF3A2;EWSR1;ITPRIP;HNRNPA3P3;NPM1;C19orf48;RPL18AP3;ALDH18A1;DUS3L;RFXANK;ADSL;FAM54B;U2AF1;RPL36A;PECR;CCND2;RP11-153M3.1;B3GNTL1;GMPSP1;IQGAP3;TMEM245;UTP14A;RP11-12M9.3;ILF3;DLX1;APEX1;TMEM59;RP11-110C15.4;RPS23P8;SNRPA;EDC3;RP11-393N4.2;FBXL17;CPNE2;POLR3D;GABARAPL2;PTMA;ZNF511;FH;PTBP1;TMEM178B;KBTBD3;ATP5SL;SAE1;CAD;IDS;PHB;LEPROT;DAZAP1;BANF1;PIK3IP1;HNRNPU;INTS4;HSPD1P1;GTPBP6;NUDT1
BJ_Y3,BJ,logistic_top,0,1,0.8913730470620838,ITPRIPL1;CD46P1;MXRA7;CDC25B;GTF3C5;SEC24D;PARVB;GLYCTK;MRPL9;ASAH1;RBMXL1;HNRNPA1;TMCO3;ATRN;RBM10;PHB2;CTD-2119F7.2;RPSAP9;RP4-560B9.1;HIPK3;PRMT1;LSM7;NLE1;DNAJC22;EIF4A1P10;RCC1;HNRNPA1P7;CCHCR1;CNN2;NHP2;AP000857.1;TRA2B;IFNAR1;FBL;RP11-425L10.1;RPL22L1;RP11-1136G11.6;CYP2E1;GTF3C3;PEG10;RPS15;ZNF300;SCAMP1;MRPL27;SF3A2;EWSR1;ITPRIP;HNRNPA3P3;NPM1;C19orf48;RPL18AP3;ALDH18A1;DUS3L;RFXANK;ADSL;FAM54B;U2AF1;RPL36A;PECR;CCND2;RP11-153M3.1;B3GNTL1;GMPSP1;IQGAP3;TMEM245;UTP14A;RP11-12M9.3;ILF3;DLX1;APEX1;TMEM59;RP11-110C15.4;RPS23P8;SNRPA;EDC3;RP11-393N4.2;FBXL17;CPNE2;POLR3D;GABARAPL2;PTMA;ZNF511;FH;PTBP1;TMEM178B;KBTBD3;ATP5SL;SAE1;CAD;IDS;PHB;LEPROT;DAZAP1;BANF1;PIK3IP1;HNRNPU;INTS4;HSPD1P1;GTPBP6;NUDT1
BJ_OLD_1,BJ,logistic_top,1,1,0.9963797822751869,ITPRIPL1;CD46P1;MXRA7;CDC25B;GTF3C5;SEC24D;PARVB;GLYCTK;MRPL9;ASAH1;RBMXL1;HNRNPA1;TMCO3;ATRN;RBM10;PHB2;CTD-2119F7.2;RPSAP9;RP4-560B9.1;HIPK3;PRMT1;LSM7;NLE1;DNAJC22;EIF4A1P10;RCC1;HNRNPA1P7;CCHCR1;CNN2;NHP2;AP000857.1;TRA2B;IFNAR1;FBL;RP11-425L10.1;RPL22L1;RP11-1136G11.6;CYP2E1;GTF3C3;PEG10;RPS15;ZNF300;SCAMP1;MRPL27;SF3A2;EWSR1;ITPRIP;HNRNPA3P3;NPM1;C19orf48;RPL18AP3;ALDH18A1;DUS3L;RFXANK;ADSL;FAM54B;U2AF1;RPL36A;PECR;CCND2;RP11-153M3.1;B3GNTL1;GMPSP1;IQGAP3;TMEM245;UTP14A;RP11-12M9.3;ILF3;DLX1;APEX1;TMEM59;RP11-110C15.4;RPS23P8;SNRPA;EDC3;RP11-393N4.2;FBXL17;CPNE2;POLR3D;GABARAPL2;PTMA;ZNF511;FH;PTBP1;TMEM178B;KBTBD3;ATP5SL;SAE1;CAD;IDS;PHB;LEPROT;DAZAP1;BANF1;PIK3IP1;HNRNPU;INTS4;HSPD1P1;GTPBP6;NUDT1
BJ_OLD_2,BJ,logistic_top,1,1,0.9908826400692269,ITPRIPL1;CD46P1;MXRA7;CDC25B;GTF3C5;SEC24D;PARVB;GLYCTK;MRPL9;ASAH1;RBMXL1;HNRNPA1;TMCO3;ATRN;RBM10;PHB2;CTD-2119F7.2;RPSAP9;RP4-560B9.1;HIPK3;PRMT1;LSM7;NLE1;DNAJC22;EIF4A1P10;RCC1;HNRNPA1P7;CCHCR1;CNN2;NHP2;AP000857.1;TRA2B;IFNAR1;FBL;RP11-425L10.1;RPL22L1;RP11-1136G11.6;CYP2E1;GTF3C3;PEG10;RPS15;ZNF300;SCAMP1;MRPL27;SF3A2;EWSR1;ITPRIP;HNRNPA3P3;NPM1;C19orf48;RPL18AP3;ALDH18A1;DUS3L;RFXANK;ADSL;FAM54B;U2AF1;RPL36A;PECR;CCND2;RP11-153M3.1;B3GNTL1;GMPSP1;IQGAP3;TMEM245;UTP14A;RP11-12M9.3;ILF3;DLX1;APEX1;TMEM59;RP11-110C15.4;RPS23P8;SNRPA;EDC3;RP11-393N4.2;FBXL17;CPNE2;POLR3D;GABARAPL2;PTMA;ZNF511;FH;PTBP1;TMEM178B;KBTBD3;ATP5SL;SAE1;CAD;IDS;PHB;LEPROT;DAZAP1;BANF1;PIK3IP1;HNRNPU;INTS4;HSPD1P1;GTPBP6;NUDT1
BJ_OLD_3,BJ,logistic_top,1,1,0.993293958493808,ITPRIPL1;CD46P1;MXRA7;CDC25B;GTF3C5;SEC24D;PARVB;GLYCTK;MRPL9;ASAH1;RBMXL1;HNRNPA1;TMCO3;ATRN;RBM10;PHB2;CTD-2119F7.2;RPSAP9;RP4-560B9.1;HIPK3;PRMT1;LSM7;NLE1;DNAJC22;EIF4A1P10;RCC1;HNRNPA1P7;CCHCR1;CNN2;NHP2;AP000857.1;TRA2B;IFNAR1;FBL;RP11-425L10.1;RPL22L1;RP11-1136G11.6;CYP2E1;GTF3C3;PEG10;RPS15;ZNF300;SCAMP1;MRPL27;SF3A2;EWSR1;ITPRIP;HNRNPA3P3;NPM1;C19orf48;RPL18AP3;ALDH18A1;DUS3L;RFXANK;ADSL;FAM54B;U2AF1;RPL36A;PECR;CCND2;RP11-153M3.1;B3GNTL1;GMPSP1;IQGAP3;TMEM245;UTP14A;RP11-12M9.3;ILF3;DLX1;APEX1;TMEM59;RP11-110C15.4;RPS23P8;SNRPA;EDC3;RP11-393N4.2;FBXL17;CPNE2;POLR3D;GABARAPL2;PTMA;ZNF511;FH;PTBP1;TMEM178B;KBTBD3;ATP5SL;SAE1;CAD;IDS;PHB;LEPROT;DAZAP1;BANF1;PIK3IP1;HNRNPU;INTS4;HSPD1P1;GTPBP6;NUDT1
BJ_Y1,BJ,logistic_all,0,0,0.07825059863368804,ITPRIPL1;CD46P1;MXRA7;CDC25B;GTF3C5;SEC24D;PARVB;GLYCTK;MRPL9;ASAH1;RBMXL1;HNRNPA1;TMCO3;ATRN;RBM10;PHB2;CTD-2119F7.2;RPSAP9;RP4-560B9.1;HIPK3;PRMT1;LSM7;NLE1;DNAJC22;EIF4A1P10;RCC1;HNRNPA1P7;CCHCR1;CNN2;NHP2;AP000857.1;TRA2B;IFNAR1;FBL;RP11-425L10.1;RPL22L1;RP11-1136G11.6;CYP2E1;GTF3C3;PEG10;RPS15;ZNF300;SCAMP1;MRPL27;SF3A2;EWSR1;ITPRIP;HNRNPA3P3;NPM1;C19orf48;RPL18AP3;ALDH18A1;DUS3L;RFXANK;ADSL;FAM54B;U2AF1;RPL36A;PECR;CCND2;RP11-153M3.1;B3GNTL1;GMPSP1;IQGAP3;TMEM245;UTP14A;RP11-12M9.3;ILF3;DLX1;APEX1;TMEM59;RP11-110C15.4;RPS23P8;SNRPA;EDC3;RP11-393N4.2;FBXL17;CPNE2;POLR3D;GABARAPL2;PTMA;ZNF511;FH;PTBP1;TMEM178B;KBTBD3;ATP5SL;SAE1;CAD;IDS;PHB;LEPROT;DAZAP1;BANF1;PIK3IP1;HNRNPU;INTS4;HSPD1P1;GTPBP6;NUDT1
BJ_Y2,BJ,logistic_all,0,0,0.07398158945106499,ITPRIPL1;CD46P1;MXRA7;CDC25B;GTF3C5;SEC24D;PARVB;GLYCTK;MRPL9;ASAH1;RBMXL1;HNRNPA1;TMCO3;ATRN;RBM10;PHB2;CTD-2119F7.2;RPSAP9;RP4-560B9.1;HIPK3;PRMT1;LSM7;NLE1;DNAJC22;EIF4A1P10;RCC1;HNRNPA1P7;CCHCR1;CNN2;NHP2;AP000857.1;TRA2B;IFNAR1;FBL;RP11-425L10.1;RPL22L1;RP11-1136G11.6;CYP2E1;GTF3C3;PEG10;RPS15;ZNF300;SCAMP1;MRPL27;SF3A2;EWSR1;ITPRIP;HNRNPA3P3;NPM1;C19orf48;RPL18AP3;ALDH18A1;DUS3L;RFXANK;ADSL;FAM54B;U2AF1;RPL36A;PECR;CCND2;RP11-153M3.1;B3GNTL1;GMPSP1;IQGAP3;TMEM245;UTP14A;RP11-12M9.3;ILF3;DLX1;APEX1;TMEM59;RP11-110C15.4;RPS23P8;SNRPA;EDC3;RP11-393N4.2;FBXL17;CPNE2;POLR3D;GABARAPL2;PTMA;ZNF511;FH;PTBP1;TMEM178B;KBTBD3;ATP5SL;SAE1;CAD;IDS;PHB;LEPROT;DAZAP1;BANF1;PIK3IP1;HNRNPU;INTS4;HSPD1P1;GTPBP6;NUDT1
BJ_Y3,BJ,logistic_all,0,0,0.08120377645492294,ITPRIPL1;CD46P1;MXRA7;CDC25B;GTF3C5;SEC24D;PARVB;GLYCTK;MRPL9;ASAH1;RBMXL1;HNRNPA1;TMCO3;ATRN;RBM10;PHB2;CTD-2119F7.2;RPSAP9;RP4-560B9.1;HIPK3;PRMT1;LSM7;NLE1;DNAJC22;EIF4A1P10;RCC1;HNRNPA1P7;CCHCR1;CNN2;NHP2;AP000857.1;TRA2B;IFNAR1;FBL;RP11-425L10.1;RPL22L1;RP11-1136G11.6;CYP2E1;GTF3C3;PEG10;RPS15;ZNF300;SCAMP1;MRPL27;SF3A2;EWSR1;ITPRIP;HNRNPA3P3;NPM1;C19orf48;RPL18AP3;ALDH18A1;DUS3L;RFXANK;ADSL;FAM54B;U2AF1;RPL36A;PECR;CCND2;RP11-153M3.1;B3GNTL1;GMPSP1;IQGAP3;TMEM245;UTP14A;RP11-12M9.3;ILF3;DLX1;APEX1;TMEM59;RP11-110C15.4;RPS23P8;SNRPA;EDC3;RP11-393N4.2;FBXL17;CPNE2;POLR3D;GABARAPL2;PTMA;ZNF511;FH;PTBP1;TMEM178B;KBTBD3;ATP5SL;SAE1;CAD;IDS;PHB;LEPROT;DAZAP1;BANF1;PIK3IP1;HNRNPU;INTS4;HSPD1P1;GTPBP6;NUDT1
BJ_OLD_1,BJ,logistic_all,1,1,0.9648778794610394,ITPRIPL1;CD46P1;MXRA7;CDC25B;GTF3C5;SEC24D;PARVB;GLYCTK;MRPL9;ASAH1;RBMXL1;HNRNPA1;TMCO3;ATRN;RBM10;PHB2;CTD-2119F7.2;RPSAP9;RP4-560B9.1;HIPK3;PRMT1;LSM7;NLE1;DNAJC22;EIF4A1P10;RCC1;HNRNPA1P7;CCHCR1;CNN2;NHP2;AP000857.1;TRA2B;IFNAR1;FBL;RP11-425L10.1;RPL22L1;RP11-1136G11.6;CYP2E1;GTF3C3;PEG10;RPS15;ZNF300;SCAMP1;MRPL27;SF3A2;EWSR1;ITPRIP;HNRNPA3P3;NPM1;C19orf48;RPL18AP3;ALDH18A1;DUS3L;RFXANK;ADSL;FAM54B;U2AF1;RPL36A;PECR;CCND2;RP11-153M3.1;B3GNTL1;GMPSP1;IQGAP3;TMEM245;UTP14A;RP11-12M9.3;ILF3;DLX1;APEX1;TMEM59;RP11-110C15.4;RPS23P8;SNRPA;EDC3;RP11-393N4.2;FBXL17;CPNE2;POLR3D;GABARAPL2;PTMA;ZNF511;FH;PTBP1;TMEM178B;KBTBD3;ATP5SL;SAE1;CAD;IDS;PHB;LEPROT;DAZAP1;BANF1;PIK3IP1;HNRNPU;INTS4;HSPD1P1;GTPBP6;NUDT1
BJ_OLD_2,BJ,logistic_all,1,1,0.9659696010346529,ITPRIPL1;CD46P1;MXRA7;CDC25B;GTF3C5;SEC24D;PARVB;GLYCTK;MRPL9;ASAH1;RBMXL1;HNRNPA1;TMCO3;ATRN;RBM10;PHB2;CTD-2119F7.2;RPSAP9;RP4-560B9.1;HIPK3;PRMT1;LSM7;NLE1;DNAJC22;EIF4A1P10;RCC1;HNRNPA1P7;CCHCR1;CNN2;NHP2;AP000857.1;TRA2B;IFNAR1;FBL;RP11-425L10.1;RPL22L1;RP11-1136G11.6;CYP2E1;GTF3C3;PEG10;RPS15;ZNF300;SCAMP1;MRPL27;SF3A2;EWSR1;ITPRIP;HNRNPA3P3;NPM1;C19orf48;RPL18AP3;ALDH18A1;DUS3L;RFXANK;ADSL;FAM54B;U2AF1;RPL36A;PECR;CCND2;RP11-153M3.1;B3GNTL1;GMPSP1;IQGAP3;TMEM245;UTP14A;RP11-12M9.3;ILF3;DLX1;APEX1;TMEM59;RP11-110C15.4;RPS23P8;SNRPA;EDC3;RP11-393N4.2;FBXL17;CPNE2;POLR3D;GABARAPL2;PTMA;ZNF511;FH;PTBP1;TMEM178B;KBTBD3;ATP5SL;SAE1;CAD;IDS;PHB;LEPROT;DAZAP1;BANF1;PIK3IP1;HNRNPU;INTS4;HSPD1P1;GTPBP6;NUDT1
BJ_OLD_3,BJ,logistic_all,1,1,0.9600426587144881,ITPRIPL1;CD46P1;MXRA7;CDC25B;GTF3C5;SEC24D;PARVB;GLYCTK;MRPL9;ASAH1;RBMXL1;HNRNPA1;TMCO3;ATRN;RBM10;PHB2;CTD-2119F7.2;RPSAP9;RP4-560B9.1;HIPK3;PRMT1;LSM7;NLE1;DNAJC22;EIF4A1P10;RCC1;HNRNPA1P7;CCHCR1;CNN2;NHP2;AP000857.1;TRA2B;IFNAR1;FBL;RP11-425L10.1;RPL22L1;RP11-1136G11.6;CYP2E1;GTF3C3;PEG10;RPS15;ZNF300;SCAMP1;MRPL27;SF3A2;EWSR1;ITPRIP;HNRNPA3P3;NPM1;C19orf48;RPL18AP3;ALDH18A1;DUS3L;RFXANK;ADSL;FAM54B;U2AF1;RPL36A;PECR;CCND2;RP11-153M3.1;B3GNTL1;GMPSP1;IQGAP3;TMEM245;UTP14A;RP11-12M9.3;ILF3;DLX1;APEX1;TMEM59;RP11-110C15.4;RPS23P8;SNRPA;EDC3;RP11-393N4.2;FBXL17;CPNE2;POLR3D;GABARAPL2;PTMA;ZNF511;FH;PTBP1;TMEM178B;KBTBD3;ATP5SL;SAE1;CAD;IDS;PHB;LEPROT;DAZAP1;BANF1;PIK3IP1;HNRNPU;INTS4;HSPD1P1;GTPBP6;NUDT1
HFF_PD16_1,HFF,dummy_majority,0,0,0.5,CCHCR1;RBMXL1;CD46P1;ITPRIP;PAK4;EMD;ITM2B;FANCE;PECR;TRIM55;STXBP5;NUP160;CDC25B;ATRN;SCAMP5;SEC24D;DNMT3B;WDR63;IFNAR1;ZNF695;NRM;RP11-46C20.1;ZNF219;CHURC1;ATP6AP2;BFSP1;TRA2B;ITPRIPL1;IDUA;SH3GLB2;ASAH1;IDS;PARVB;TMEM86A;AC017099.3;RP11-9E13.4;NDUFAF5;FTSJ1;HIST1H2BD;RDBP;TGOLN2;HIST2H4B;ANGEL1;HIST2H4A;NUDT1;ANKRD36B;ABCA3;TMEM59;FBL;HNRNPA3;BANF1;HNRNPA3P1;GMPSP1;RABGGTA;PKN3;FAM46B;CNN2;RP11-244H3.1;PARP14;HEATR2;PTBP1;TCTEX1D4;PSAP;FST;RPL26L1;RCC1;ACTG1;CAD;GTF3C3;PCDHB8;SLC17A5;FCGR1A;HIST1H2AC;SF3A2;LEPROT;C15orf41;TMEM248;BCL7C;HNRNPU;UHRF2;DNAJC8;FAF1;ABT1;RP11-541N10.3;TAGLN2P1;RP11-673C5.1;PCDHB9;H3F3B;CD46;DAZAP1;AC098614.2;SLC4A11;CCDC69;COX14;GABARAPL2;HNRNPM;MRPL37;PARD3B;U2AF1;RAVER1
HFF_PD16_2,HFF,dummy_majority,0,0,0.5,CCHCR1;RBMXL1;CD46P1;ITPRIP;PAK4;EMD;ITM2B;FANCE;PECR;TRIM55;STXBP5;NUP160;CDC25B;ATRN;SCAMP5;SEC24D;DNMT3B;WDR63;IFNAR1;ZNF695;NRM;RP11-46C20.1;ZNF219;CHURC1;ATP6AP2;BFSP1;TRA2B;ITPRIPL1;IDUA;SH3GLB2;ASAH1;IDS;PARVB;TMEM86A;AC017099.3;RP11-9E13.4;NDUFAF5;FTSJ1;HIST1H2BD;RDBP;TGOLN2;HIST2H4B;ANGEL1;HIST2H4A;NUDT1;ANKRD36B;ABCA3;TMEM59;FBL;HNRNPA3;BANF1;HNRNPA3P1;GMPSP1;RABGGTA;PKN3;FAM46B;CNN2;RP11-244H3.1;PARP14;HEATR2;PTBP1;TCTEX1D4;PSAP;FST;RPL26L1;RCC1;ACTG1;CAD;GTF3C3;PCDHB8;SLC17A5;FCGR1A;HIST1H2AC;SF3A2;LEPROT;C15orf41;TMEM248;BCL7C;HNRNPU;UHRF2;DNAJC8;FAF1;ABT1;RP11-541N10.3;TAGLN2P1;RP11-673C5.1;PCDHB9;H3F3B;CD46;DAZAP1;AC098614.2;SLC4A11;CCDC69;COX14;GABARAPL2;HNRNPM;MRPL37;PARD3B;U2AF1;RAVER1
HFF_PD16_3,HFF,dummy_majority,0,0,0.5,CCHCR1;RBMXL1;CD46P1;ITPRIP;PAK4;EMD;ITM2B;FANCE;PECR;TRIM55;STXBP5;NUP160;CDC25B;ATRN;SCAMP5;SEC24D;DNMT3B;WDR63;IFNAR1;ZNF695;NRM;RP11-46C20.1;ZNF219;CHURC1;ATP6AP2;BFSP1;TRA2B;ITPRIPL1;IDUA;SH3GLB2;ASAH1;IDS;PARVB;TMEM86A;AC017099.3;RP11-9E13.4;NDUFAF5;FTSJ1;HIST1H2BD;RDBP;TGOLN2;HIST2H4B;ANGEL1;HIST2H4A;NUDT1;ANKRD36B;ABCA3;TMEM59;FBL;HNRNPA3;BANF1;HNRNPA3P1;GMPSP1;RABGGTA;PKN3;FAM46B;CNN2;RP11-244H3.1;PARP14;HEATR2;PTBP1;TCTEX1D4;PSAP;FST;RPL26L1;RCC1;ACTG1;CAD;GTF3C3;PCDHB8;SLC17A5;FCGR1A;HIST1H2AC;SF3A2;LEPROT;C15orf41;TMEM248;BCL7C;HNRNPU;UHRF2;DNAJC8;FAF1;ABT1;RP11-541N10.3;TAGLN2P1;RP11-673C5.1;PCDHB9;H3F3B;CD46;DAZAP1;AC098614.2;SLC4A11;CCDC69;COX14;GABARAPL2;HNRNPM;MRPL37;PARD3B;U2AF1;RAVER1
HFF_PD74_1,HFF,dummy_majority,1,0,0.5,CCHCR1;RBMXL1;CD46P1;ITPRIP;PAK4;EMD;ITM2B;FANCE;PECR;TRIM55;STXBP5;NUP160;CDC25B;ATRN;SCAMP5;SEC24D;DNMT3B;WDR63;IFNAR1;ZNF695;NRM;RP11-46C20.1;ZNF219;CHURC1;ATP6AP2;BFSP1;TRA2B;ITPRIPL1;IDUA;SH3GLB2;ASAH1;IDS;PARVB;TMEM86A;AC017099.3;RP11-9E13.4;NDUFAF5;FTSJ1;HIST1H2BD;RDBP;TGOLN2;HIST2H4B;ANGEL1;HIST2H4A;NUDT1;ANKRD36B;ABCA3;TMEM59;FBL;HNRNPA3;BANF1;HNRNPA3P1;GMPSP1;RABGGTA;PKN3;FAM46B;CNN2;RP11-244H3.1;PARP14;HEATR2;PTBP1;TCTEX1D4;PSAP;FST;RPL26L1;RCC1;ACTG1;CAD;GTF3C3;PCDHB8;SLC17A5;FCGR1A;HIST1H2AC;SF3A2;LEPROT;C15orf41;TMEM248;BCL7C;HNRNPU;UHRF2;DNAJC8;FAF1;ABT1;RP11-541N10.3;TAGLN2P1;RP11-673C5.1;PCDHB9;H3F3B;CD46;DAZAP1;AC098614.2;SLC4A11;CCDC69;COX14;GABARAPL2;HNRNPM;MRPL37;PARD3B;U2AF1;RAVER1
HFF_PD74_2,HFF,dummy_majority,1,0,0.5,CCHCR1;RBMXL1;CD46P1;ITPRIP;PAK4;EMD;ITM2B;FANCE;PECR;TRIM55;STXBP5;NUP160;CDC25B;ATRN;SCAMP5;SEC24D;DNMT3B;WDR63;IFNAR1;ZNF695;NRM;RP11-46C20.1;ZNF219;CHURC1;ATP6AP2;BFSP1;TRA2B;ITPRIPL1;IDUA;SH3GLB2;ASAH1;IDS;PARVB;TMEM86A;AC017099.3;RP11-9E13.4;NDUFAF5;FTSJ1;HIST1H2BD;RDBP;TGOLN2;HIST2H4B;ANGEL1;HIST2H4A;NUDT1;ANKRD36B;ABCA3;TMEM59;FBL;HNRNPA3;BANF1;HNRNPA3P1;GMPSP1;RABGGTA;PKN3;FAM46B;CNN2;RP11-244H3.1;PARP14;HEATR2;PTBP1;TCTEX1D4;PSAP;FST;RPL26L1;RCC1;ACTG1;CAD;GTF3C3;PCDHB8;SLC17A5;FCGR1A;HIST1H2AC;SF3A2;LEPROT;C15orf41;TMEM248;BCL7C;HNRNPU;UHRF2;DNAJC8;FAF1;ABT1;RP11-541N10.3;TAGLN2P1;RP11-673C5.1;PCDHB9;H3F3B;CD46;DAZAP1;AC098614.2;SLC4A11;CCDC69;COX14;GABARAPL2;HNRNPM;MRPL37;PARD3B;U2AF1;RAVER1
HFF_PD74_3,HFF,dummy_majority,1,0,0.5,CCHCR1;RBMXL1;CD46P1;ITPRIP;PAK4;EMD;ITM2B;FANCE;PECR;TRIM55;STXBP5;NUP160;CDC25B;ATRN;SCAMP5;SEC24D;DNMT3B;WDR63;IFNAR1;ZNF695;NRM;RP11-46C20.1;ZNF219;CHURC1;ATP6AP2;BFSP1;TRA2B;ITPRIPL1;IDUA;SH3GLB2;ASAH1;IDS;PARVB;TMEM86A;AC017099.3;RP11-9E13.4;NDUFAF5;FTSJ1;HIST1H2BD;RDBP;TGOLN2;HIST2H4B;ANGEL1;HIST2H4A;NUDT1;ANKRD36B;ABCA3;TMEM59;FBL;HNRNPA3;BANF1;HNRNPA3P1;GMPSP1;RABGGTA;PKN3;FAM46B;CNN2;RP11-244H3.1;PARP14;HEATR2;PTBP1;TCTEX1D4;PSAP;FST;RPL26L1;RCC1;ACTG1;CAD;GTF3C3;PCDHB8;SLC17A5;FCGR1A;HIST1H2AC;SF3A2;LEPROT;C15orf41;TMEM248;BCL7C;HNRNPU;UHRF2;DNAJC8;FAF1;ABT1;RP11-541N10.3;TAGLN2P1;RP11-673C5.1;PCDHB9;H3F3B;CD46;DAZAP1;AC098614.2;SLC4A11;CCDC69;COX14;GABARAPL2;HNRNPM;MRPL37;PARD3B;U2AF1;RAVER1
HFF_PD16_1,HFF,nearest_centroid_top,0,0,0.0,CCHCR1;RBMXL1;CD46P1;ITPRIP;PAK4;EMD;ITM2B;FANCE;PECR;TRIM55;STXBP5;NUP160;CDC25B;ATRN;SCAMP5;SEC24D;DNMT3B;WDR63;IFNAR1;ZNF695;NRM;RP11-46C20.1;ZNF219;CHURC1;ATP6AP2;BFSP1;TRA2B;ITPRIPL1;IDUA;SH3GLB2;ASAH1;IDS;PARVB;TMEM86A;AC017099.3;RP11-9E13.4;NDUFAF5;FTSJ1;HIST1H2BD;RDBP;TGOLN2;HIST2H4B;ANGEL1;HIST2H4A;NUDT1;ANKRD36B;ABCA3;TMEM59;FBL;HNRNPA3;BANF1;HNRNPA3P1;GMPSP1;RABGGTA;PKN3;FAM46B;CNN2;RP11-244H3.1;PARP14;HEATR2;PTBP1;TCTEX1D4;PSAP;FST;RPL26L1;RCC1;ACTG1;CAD;GTF3C3;PCDHB8;SLC17A5;FCGR1A;HIST1H2AC;SF3A2;LEPROT;C15orf41;TMEM248;BCL7C;HNRNPU;UHRF2;DNAJC8;FAF1;ABT1;RP11-541N10.3;TAGLN2P1;RP11-673C5.1;PCDHB9;H3F3B;CD46;DAZAP1;AC098614.2;SLC4A11;CCDC69;COX14;GABARAPL2;HNRNPM;MRPL37;PARD3B;U2AF1;RAVER1
HFF_PD16_2,HFF,nearest_centroid_top,0,0,0.0,CCHCR1;RBMXL1;CD46P1;ITPRIP;PAK4;EMD;ITM2B;FANCE;PECR;TRIM55;STXBP5;NUP160;CDC25B;ATRN;SCAMP5;SEC24D;DNMT3B;WDR63;IFNAR1;ZNF695;NRM;RP11-46C20.1;ZNF219;CHURC1;ATP6AP2;BFSP1;TRA2B;ITPRIPL1;IDUA;SH3GLB2;ASAH1;IDS;PARVB;TMEM86A;AC017099.3;RP11-9E13.4;NDUFAF5;FTSJ1;HIST1H2BD;RDBP;TGOLN2;HIST2H4B;ANGEL1;HIST2H4A;NUDT1;ANKRD36B;ABCA3;TMEM59;FBL;HNRNPA3;BANF1;HNRNPA3P1;GMPSP1;RABGGTA;PKN3;FAM46B;CNN2;RP11-244H3.1;PARP14;HEATR2;PTBP1;TCTEX1D4;PSAP;FST;RPL26L1;RCC1;ACTG1;CAD;GTF3C3;PCDHB8;SLC17A5;FCGR1A;HIST1H2AC;SF3A2;LEPROT;C15orf41;TMEM248;BCL7C;HNRNPU;UHRF2;DNAJC8;FAF1;ABT1;RP11-541N10.3;TAGLN2P1;RP11-673C5.1;PCDHB9;H3F3B;CD46;DAZAP1;AC098614.2;SLC4A11;CCDC69;COX14;GABARAPL2;HNRNPM;MRPL37;PARD3B;U2AF1;RAVER1
HFF_PD16_3,HFF,nearest_centroid_top,0,0,0.0,CCHCR1;RBMXL1;CD46P1;ITPRIP;PAK4;EMD;ITM2B;FANCE;PECR;TRIM55;STXBP5;NUP160;CDC25B;ATRN;SCAMP5;SEC24D;DNMT3B;WDR63;IFNAR1;ZNF695;NRM;RP11-46C20.1;ZNF219;CHURC1;ATP6AP2;BFSP1;TRA2B;ITPRIPL1;IDUA;SH3GLB2;ASAH1;IDS;PARVB;TMEM86A;AC017099.3;RP11-9E13.4;NDUFAF5;FTSJ1;HIST1H2BD;RDBP;TGOLN2;HIST2H4B;ANGEL1;HIST2H4A;NUDT1;ANKRD36B;ABCA3;TMEM59;FBL;HNRNPA3;BANF1;HNRNPA3P1;GMPSP1;RABGGTA;PKN3;FAM46B;CNN2;RP11-244H3.1;PARP14;HEATR2;PTBP1;TCTEX1D4;PSAP;FST;RPL26L1;RCC1;ACTG1;CAD;GTF3C3;PCDHB8;SLC17A5;FCGR1A;HIST1H2AC;SF3A2;LEPROT;C15orf41;TMEM248;BCL7C;HNRNPU;UHRF2;DNAJC8;FAF1;ABT1;RP11-541N10.3;TAGLN2P1;RP11-673C5.1;PCDHB9;H3F3B;CD46;DAZAP1;AC098614.2;SLC4A11;CCDC69;COX14;GABARAPL2;HNRNPM;MRPL37;PARD3B;U2AF1;RAVER1
HFF_PD74_1,HFF,nearest_centroid_top,1,1,1.0,CCHCR1;RBMXL1;CD46P1;ITPRIP;PAK4;EMD;ITM2B;FANCE;PECR;TRIM55;STXBP5;NUP160;CDC25B;ATRN;SCAMP5;SEC24D;DNMT3B;WDR63;IFNAR1;ZNF695;NRM;RP11-46C20.1;ZNF219;CHURC1;ATP6AP2;BFSP1;TRA2B;ITPRIPL1;IDUA;SH3GLB2;ASAH1;IDS;PARVB;TMEM86A;AC017099.3;RP11-9E13.4;NDUFAF5;FTSJ1;HIST1H2BD;RDBP;TGOLN2;HIST2H4B;ANGEL1;HIST2H4A;NUDT1;ANKRD36B;ABCA3;TMEM59;FBL;HNRNPA3;BANF1;HNRNPA3P1;GMPSP1;RABGGTA;PKN3;FAM46B;CNN2;RP11-244H3.1;PARP14;HEATR2;PTBP1;TCTEX1D4;PSAP;FST;RPL26L1;RCC1;ACTG1;CAD;GTF3C3;PCDHB8;SLC17A5;FCGR1A;HIST1H2AC;SF3A2;LEPROT;C15orf41;TMEM248;BCL7C;HNRNPU;UHRF2;DNAJC8;FAF1;ABT1;RP11-541N10.3;TAGLN2P1;RP11-673C5.1;PCDHB9;H3F3B;CD46;DAZAP1;AC098614.2;SLC4A11;CCDC69;COX14;GABARAPL2;HNRNPM;MRPL37;PARD3B;U2AF1;RAVER1
HFF_PD74_2,HFF,nearest_centroid_top,1,1,1.0,CCHCR1;RBMXL1;CD46P1;ITPRIP;PAK4;EMD;ITM2B;FANCE;PECR;TRIM55;STXBP5;NUP160;CDC25B;ATRN;SCAMP5;SEC24D;DNMT3B;WDR63;IFNAR1;ZNF695;NRM;RP11-46C20.1;ZNF219;CHURC1;ATP6AP2;BFSP1;TRA2B;ITPRIPL1;IDUA;SH3GLB2;ASAH1;IDS;PARVB;TMEM86A;AC017099.3;RP11-9E13.4;NDUFAF5;FTSJ1;HIST1H2BD;RDBP;TGOLN2;HIST2H4B;ANGEL1;HIST2H4A;NUDT1;ANKRD36B;ABCA3;TMEM59;FBL;HNRNPA3;BANF1;HNRNPA3P1;GMPSP1;RABGGTA;PKN3;FAM46B;CNN2;RP11-244H3.1;PARP14;HEATR2;PTBP1;TCTEX1D4;PSAP;FST;RPL26L1;RCC1;ACTG1;CAD;GTF3C3;PCDHB8;SLC17A5;FCGR1A;HIST1H2AC;SF3A2;LEPROT;C15orf41;TMEM248;BCL7C;HNRNPU;UHRF2;DNAJC8;FAF1;ABT1;RP11-541N10.3;TAGLN2P1;RP11-673C5.1;PCDHB9;H3F3B;CD46;DAZAP1;AC098614.2;SLC4A11;CCDC69;COX14;GABARAPL2;HNRNPM;MRPL37;PARD3B;U2AF1;RAVER1
HFF_PD74_3,HFF,nearest_centroid_top,1,1,1.0,CCHCR1;RBMXL1;CD46P1;ITPRIP;PAK4;EMD;ITM2B;FANCE;PECR;TRIM55;STXBP5;NUP160;CDC25B;ATRN;SCAMP5;SEC24D;DNMT3B;WDR63;IFNAR1;ZNF695;NRM;RP11-46C20.1;ZNF219;CHURC1;ATP6AP2;BFSP1;TRA2B;ITPRIPL1;IDUA;SH3GLB2;ASAH1;IDS;PARVB;TMEM86A;AC017099.3;RP11-9E13.4;NDUFAF5;FTSJ1;HIST1H2BD;RDBP;TGOLN2;HIST2H4B;ANGEL1;HIST2H4A;NUDT1;ANKRD36B;ABCA3;TMEM59;FBL;HNRNPA3;BANF1;HNRNPA3P1;GMPSP1;RABGGTA;PKN3;FAM46B;CNN2;RP11-244H3.1;PARP14;HEATR2;PTBP1;TCTEX1D4;PSAP;FST;RPL26L1;RCC1;ACTG1;CAD;GTF3C3;PCDHB8;SLC17A5;FCGR1A;HIST1H2AC;SF3A2;LEPROT;C15orf41;TMEM248;BCL7C;HNRNPU;UHRF2;DNAJC8;FAF1;ABT1;RP11-541N10.3;TAGLN2P1;RP11-673C5.1;PCDHB9;H3F3B;CD46;DAZAP1;AC098614.2;SLC4A11;CCDC69;COX14;GABARAPL2;HNRNPM;MRPL37;PARD3B;U2AF1;RAVER1
HFF_PD16_1,HFF,linear_svm_top,0,0,-1.47778540935747,CCHCR1;RBMXL1;CD46P1;ITPRIP;PAK4;EMD;ITM2B;FANCE;PECR;TRIM55;STXBP5;NUP160;CDC25B;ATRN;SCAMP5;SEC24D;DNMT3B;WDR63;IFNAR1;ZNF695;NRM;RP11-46C20.1;ZNF219;CHURC1;ATP6AP2;BFSP1;TRA2B;ITPRIPL1;IDUA;SH3GLB2;ASAH1;IDS;PARVB;TMEM86A;AC017099.3;RP11-9E13.4;NDUFAF5;FTSJ1;HIST1H2BD;RDBP;TGOLN2;HIST2H4B;ANGEL1;HIST2H4A;NUDT1;ANKRD36B;ABCA3;TMEM59;FBL;HNRNPA3;BANF1;HNRNPA3P1;GMPSP1;RABGGTA;PKN3;FAM46B;CNN2;RP11-244H3.1;PARP14;HEATR2;PTBP1;TCTEX1D4;PSAP;FST;RPL26L1;RCC1;ACTG1;CAD;GTF3C3;PCDHB8;SLC17A5;FCGR1A;HIST1H2AC;SF3A2;LEPROT;C15orf41;TMEM248;BCL7C;HNRNPU;UHRF2;DNAJC8;FAF1;ABT1;RP11-541N10.3;TAGLN2P1;RP11-673C5.1;PCDHB9;H3F3B;CD46;DAZAP1;AC098614.2;SLC4A11;CCDC69;COX14;GABARAPL2;HNRNPM;MRPL37;PARD3B;U2AF1;RAVER1
HFF_PD16_2,HFF,linear_svm_top,0,0,-1.4715221537510985,CCHCR1;RBMXL1;CD46P1;ITPRIP;PAK4;EMD;ITM2B;FANCE;PECR;TRIM55;STXBP5;NUP160;CDC25B;ATRN;SCAMP5;SEC24D;DNMT3B;WDR63;IFNAR1;ZNF695;NRM;RP11-46C20.1;ZNF219;CHURC1;ATP6AP2;BFSP1;TRA2B;ITPRIPL1;IDUA;SH3GLB2;ASAH1;IDS;PARVB;TMEM86A;AC017099.3;RP11-9E13.4;NDUFAF5;FTSJ1;HIST1H2BD;RDBP;TGOLN2;HIST2H4B;ANGEL1;HIST2H4A;NUDT1;ANKRD36B;ABCA3;TMEM59;FBL;HNRNPA3;BANF1;HNRNPA3P1;GMPSP1;RABGGTA;PKN3;FAM46B;CNN2;RP11-244H3.1;PARP14;HEATR2;PTBP1;TCTEX1D4;PSAP;FST;RPL26L1;RCC1;ACTG1;CAD;GTF3C3;PCDHB8;SLC17A5;FCGR1A;HIST1H2AC;SF3A2;LEPROT;C15orf41;TMEM248;BCL7C;HNRNPU;UHRF2;DNAJC8;FAF1;ABT1;RP11-541N10.3;TAGLN2P1;RP11-673C5.1;PCDHB9;H3F3B;CD46;DAZAP1;AC098614.2;SLC4A11;CCDC69;COX14;GABARAPL2;HNRNPM;MRPL37;PARD3B;U2AF1;RAVER1
HFF_PD16_3,HFF,linear_svm_top,0,0,-0.9903514369878386,CCHCR1;RBMXL1;CD46P1;ITPRIP;PAK4;EMD;ITM2B;FANCE;PECR;TRIM55;STXBP5;NUP160;CDC25B;ATRN;SCAMP5;SEC24D;DNMT3B;WDR63;IFNAR1;ZNF695;NRM;RP11-46C20.1;ZNF219;CHURC1;ATP6AP2;BFSP1;TRA2B;ITPRIPL1;IDUA;SH3GLB2;ASAH1;IDS;PARVB;TMEM86A;AC017099.3;RP11-9E13.4;NDUFAF5;FTSJ1;HIST1H2BD;RDBP;TGOLN2;HIST2H4B;ANGEL1;HIST2H4A;NUDT1;ANKRD36B;ABCA3;TMEM59;FBL;HNRNPA3;BANF1;HNRNPA3P1;GMPSP1;RABGGTA;PKN3;FAM46B;CNN2;RP11-244H3.1;PARP14;HEATR2;PTBP1;TCTEX1D4;PSAP;FST;RPL26L1;RCC1;ACTG1;CAD;GTF3C3;PCDHB8;SLC17A5;FCGR1A;HIST1H2AC;SF3A2;LEPROT;C15orf41;TMEM248;BCL7C;HNRNPU;UHRF2;DNAJC8;FAF1;ABT1;RP11-541N10.3;TAGLN2P1;RP11-673C5.1;PCDHB9;H3F3B;CD46;DAZAP1;AC098614.2;SLC4A11;CCDC69;COX14;GABARAPL2;HNRNPM;MRPL37;PARD3B;U2AF1;RAVER1
HFF_PD74_1,HFF,linear_svm_top,1,1,1.0154020695096735,CCHCR1;RBMXL1;CD46P1;ITPRIP;PAK4;EMD;ITM2B;FANCE;PECR;TRIM55;STXBP5;NUP160;CDC25B;ATRN;SCAMP5;SEC24D;DNMT3B;WDR63;IFNAR1;ZNF695;NRM;RP11-46C20.1;ZNF219;CHURC1;ATP6AP2;BFSP1;TRA2B;ITPRIPL1;IDUA;SH3GLB2;ASAH1;IDS;PARVB;TMEM86A;AC017099.3;RP11-9E13.4;NDUFAF5;FTSJ1;HIST1H2BD;RDBP;TGOLN2;HIST2H4B;ANGEL1;HIST2H4A;NUDT1;ANKRD36B;ABCA3;TMEM59;FBL;HNRNPA3;BANF1;HNRNPA3P1;GMPSP1;RABGGTA;PKN3;FAM46B;CNN2;RP11-244H3.1;PARP14;HEATR2;PTBP1;TCTEX1D4;PSAP;FST;RPL26L1;RCC1;ACTG1;CAD;GTF3C3;PCDHB8;SLC17A5;FCGR1A;HIST1H2AC;SF3A2;LEPROT;C15orf41;TMEM248;BCL7C;HNRNPU;UHRF2;DNAJC8;FAF1;ABT1;RP11-541N10.3;TAGLN2P1;RP11-673C5.1;PCDHB9;H3F3B;CD46;DAZAP1;AC098614.2;SLC4A11;CCDC69;COX14;GABARAPL2;HNRNPM;MRPL37;PARD3B;U2AF1;RAVER1
HFF_PD74_2,HFF,linear_svm_top,1,1,1.034678819356736,CCHCR1;RBMXL1;CD46P1;ITPRIP;PAK4;EMD;ITM2B;FANCE;PECR;TRIM55;STXBP5;NUP160;CDC25B;ATRN;SCAMP5;SEC24D;DNMT3B;WDR63;IFNAR1;ZNF695;NRM;RP11-46C20.1;ZNF219;CHURC1;ATP6AP2;BFSP1;TRA2B;ITPRIPL1;IDUA;SH3GLB2;ASAH1;IDS;PARVB;TMEM86A;AC017099.3;RP11-9E13.4;NDUFAF5;FTSJ1;HIST1H2BD;RDBP;TGOLN2;HIST2H4B;ANGEL1;HIST2H4A;NUDT1;ANKRD36B;ABCA3;TMEM59;FBL;HNRNPA3;BANF1;HNRNPA3P1;GMPSP1;RABGGTA;PKN3;FAM46B;CNN2;RP11-244H3.1;PARP14;HEATR2;PTBP1;TCTEX1D4;PSAP;FST;RPL26L1;RCC1;ACTG1;CAD;GTF3C3;PCDHB8;SLC17A5;FCGR1A;HIST1H2AC;SF3A2;LEPROT;C15orf41;TMEM248;BCL7C;HNRNPU;UHRF2;DNAJC8;FAF1;ABT1;RP11-541N10.3;TAGLN2P1;RP11-673C5.1;PCDHB9;H3F3B;CD46;DAZAP1;AC098614.2;SLC4A11;CCDC69;COX14;GABARAPL2;HNRNPM;MRPL37;PARD3B;U2AF1;RAVER1
HFF_PD74_3,HFF,linear_svm_top,1,1,1.1389181340474421,CCHCR1;RBMXL1;CD46P1;ITPRIP;PAK4;EMD;ITM2B;FANCE;PECR;TRIM55;STXBP5;NUP160;CDC25B;ATRN;SCAMP5;SEC24D;DNMT3B;WDR63;IFNAR1;ZNF695;NRM;RP11-46C20.1;ZNF219;CHURC1;ATP6AP2;BFSP1;TRA2B;ITPRIPL1;IDUA;SH3GLB2;ASAH1;IDS;PARVB;TMEM86A;AC017099.3;RP11-9E13.4;NDUFAF5;FTSJ1;HIST1H2BD;RDBP;TGOLN2;HIST2H4B;ANGEL1;HIST2H4A;NUDT1;ANKRD36B;ABCA3;TMEM59;FBL;HNRNPA3;BANF1;HNRNPA3P1;GMPSP1;RABGGTA;PKN3;FAM46B;CNN2;RP11-244H3.1;PARP14;HEATR2;PTBP1;TCTEX1D4;PSAP;FST;RPL26L1;RCC1;ACTG1;CAD;GTF3C3;PCDHB8;SLC17A5;FCGR1A;HIST1H2AC;SF3A2;LEPROT;C15orf41;TMEM248;BCL7C;HNRNPU;UHRF2;DNAJC8;FAF1;ABT1;RP11-541N10.3;TAGLN2P1;RP11-673C5.1;PCDHB9;H3F3B;CD46;DAZAP1;AC098614.2;SLC4A11;CCDC69;COX14;GABARAPL2;HNRNPM;MRPL37;PARD3B;U2AF1;RAVER1
HFF_PD16_1,HFF,logistic_top,0,0,0.008724041103100093,CCHCR1;RBMXL1;CD46P1;ITPRIP;PAK4;EMD;ITM2B;FANCE;PECR;TRIM55;STXBP5;NUP160;CDC25B;ATRN;SCAMP5;SEC24D;DNMT3B;WDR63;IFNAR1;ZNF695;NRM;RP11-46C20.1;ZNF219;CHURC1;ATP6AP2;BFSP1;TRA2B;ITPRIPL1;IDUA;SH3GLB2;ASAH1;IDS;PARVB;TMEM86A;AC017099.3;RP11-9E13.4;NDUFAF5;FTSJ1;HIST1H2BD;RDBP;TGOLN2;HIST2H4B;ANGEL1;HIST2H4A;NUDT1;ANKRD36B;ABCA3;TMEM59;FBL;HNRNPA3;BANF1;HNRNPA3P1;GMPSP1;RABGGTA;PKN3;FAM46B;CNN2;RP11-244H3.1;PARP14;HEATR2;PTBP1;TCTEX1D4;PSAP;FST;RPL26L1;RCC1;ACTG1;CAD;GTF3C3;PCDHB8;SLC17A5;FCGR1A;HIST1H2AC;SF3A2;LEPROT;C15orf41;TMEM248;BCL7C;HNRNPU;UHRF2;DNAJC8;FAF1;ABT1;RP11-541N10.3;TAGLN2P1;RP11-673C5.1;PCDHB9;H3F3B;CD46;DAZAP1;AC098614.2;SLC4A11;CCDC69;COX14;GABARAPL2;HNRNPM;MRPL37;PARD3B;U2AF1;RAVER1
HFF_PD16_2,HFF,logistic_top,0,0,0.008855107711284355,CCHCR1;RBMXL1;CD46P1;ITPRIP;PAK4;EMD;ITM2B;FANCE;PECR;TRIM55;STXBP5;NUP160;CDC25B;ATRN;SCAMP5;SEC24D;DNMT3B;WDR63;IFNAR1;ZNF695;NRM;RP11-46C20.1;ZNF219;CHURC1;ATP6AP2;BFSP1;TRA2B;ITPRIPL1;IDUA;SH3GLB2;ASAH1;IDS;PARVB;TMEM86A;AC017099.3;RP11-9E13.4;NDUFAF5;FTSJ1;HIST1H2BD;RDBP;TGOLN2;HIST2H4B;ANGEL1;HIST2H4A;NUDT1;ANKRD36B;ABCA3;TMEM59;FBL;HNRNPA3;BANF1;HNRNPA3P1;GMPSP1;RABGGTA;PKN3;FAM46B;CNN2;RP11-244H3.1;PARP14;HEATR2;PTBP1;TCTEX1D4;PSAP;FST;RPL26L1;RCC1;ACTG1;CAD;GTF3C3;PCDHB8;SLC17A5;FCGR1A;HIST1H2AC;SF3A2;LEPROT;C15orf41;TMEM248;BCL7C;HNRNPU;UHRF2;DNAJC8;FAF1;ABT1;RP11-541N10.3;TAGLN2P1;RP11-673C5.1;PCDHB9;H3F3B;CD46;DAZAP1;AC098614.2;SLC4A11;CCDC69;COX14;GABARAPL2;HNRNPM;MRPL37;PARD3B;U2AF1;RAVER1
HFF_PD16_3,HFF,logistic_top,0,0,0.0259922451491205,CCHCR1;RBMXL1;CD46P1;ITPRIP;PAK4;EMD;ITM2B;FANCE;PECR;TRIM55;STXBP5;NUP160;CDC25B;ATRN;SCAMP5;SEC24D;DNMT3B;WDR63;IFNAR1;ZNF695;NRM;RP11-46C20.1;ZNF219;CHURC1;ATP6AP2;BFSP1;TRA2B;ITPRIPL1;IDUA;SH3GLB2;ASAH1;IDS;PARVB;TMEM86A;AC017099.3;RP11-9E13.4;NDUFAF5;FTSJ1;HIST1H2BD;RDBP;TGOLN2;HIST2H4B;ANGEL1;HIST2H4A;NUDT1;ANKRD36B;ABCA3;TMEM59;FBL;HNRNPA3;BANF1;HNRNPA3P1;GMPSP1;RABGGTA;PKN3;FAM46B;CNN2;RP11-244H3.1;PARP14;HEATR2;PTBP1;TCTEX1D4;PSAP;FST;RPL26L1;RCC1;ACTG1;CAD;GTF3C3;PCDHB8;SLC17A5;FCGR1A;HIST1H2AC;SF3A2;LEPROT;C15orf41;TMEM248;BCL7C;HNRNPU;UHRF2;DNAJC8;FAF1;ABT1;RP11-541N10.3;TAGLN2P1;RP11-673C5.1;PCDHB9;H3F3B;CD46;DAZAP1;AC098614.2;SLC4A11;CCDC69;COX14;GABARAPL2;HNRNPM;MRPL37;PARD3B;U2AF1;RAVER1
HFF_PD74_1,HFF,logistic_top,1,1,0.999682681387106,CCHCR1;RBMXL1;CD46P1;ITPRIP;PAK4;EMD;ITM2B;FANCE;PECR;TRIM55;STXBP5;NUP160;CDC25B;ATRN;SCAMP5;SEC24D;DNMT3B;WDR63;IFNAR1;ZNF695;NRM;RP11-46C20.1;ZNF219;CHURC1;ATP6AP2;BFSP1;TRA2B;ITPRIPL1;IDUA;SH3GLB2;ASAH1;IDS;PARVB;TMEM86A;AC017099.3;RP11-9E13.4;NDUFAF5;FTSJ1;HIST1H2BD;RDBP;TGOLN2;HIST2H4B;ANGEL1;HIST2H4A;NUDT1;ANKRD36B;ABCA3;TMEM59;FBL;HNRNPA3;BANF1;HNRNPA3P1;GMPSP1;RABGGTA;PKN3;FAM46B;CNN2;RP11-244H3.1;PARP14;HEATR2;PTBP1;TCTEX1D4;PSAP;FST;RPL26L1;RCC1;ACTG1;CAD;GTF3C3;PCDHB8;SLC17A5;FCGR1A;HIST1H2AC;SF3A2;LEPROT;C15orf41;TMEM248;BCL7C;HNRNPU;UHRF2;DNAJC8;FAF1;ABT1;RP11-541N10.3;TAGLN2P1;RP11-673C5.1;PCDHB9;H3F3B;CD46;DAZAP1;AC098614.2;SLC4A11;CCDC69;COX14;GABARAPL2;HNRNPM;MRPL37;PARD3B;U2AF1;RAVER1
HFF_PD74_2,HFF,logistic_top,1,1,0.9997180686709166,CCHCR1;RBMXL1;CD46P1;ITPRIP;PAK4;EMD;ITM2B;FANCE;PECR;TRIM55;STXBP5;NUP160;CDC25B;ATRN;SCAMP5;SEC24D;DNMT3B;WDR63;IFNAR1;ZNF695;NRM;RP11-46C20.1;ZNF219;CHURC1;ATP6AP2;BFSP1;TRA2B;ITPRIPL1;IDUA;SH3GLB2;ASAH1;IDS;PARVB;TMEM86A;AC017099.3;RP11-9E13.4;NDUFAF5;FTSJ1;HIST1H2BD;RDBP;TGOLN2;HIST2H4B;ANGEL1;HIST2H4A;NUDT1;ANKRD36B;ABCA3;TMEM59;FBL;HNRNPA3;BANF1;HNRNPA3P1;GMPSP1;RABGGTA;PKN3;FAM46B;CNN2;RP11-244H3.1;PARP14;HEATR2;PTBP1;TCTEX1D4;PSAP;FST;RPL26L1;RCC1;ACTG1;CAD;GTF3C3;PCDHB8;SLC17A5;FCGR1A;HIST1H2AC;SF3A2;LEPROT;C15orf41;TMEM248;BCL7C;HNRNPU;UHRF2;DNAJC8;FAF1;ABT1;RP11-541N10.3;TAGLN2P1;RP11-673C5.1;PCDHB9;H3F3B;CD46;DAZAP1;AC098614.2;SLC4A11;CCDC69;COX14;GABARAPL2;HNRNPM;MRPL37;PARD3B;U2AF1;RAVER1
HFF_PD74_3,HFF,logistic_top,1,1,0.9997649382049988,CCHCR1;RBMXL1;CD46P1;ITPRIP;PAK4;EMD;ITM2B;FANCE;PECR;TRIM55;STXBP5;NUP160;CDC25B;ATRN;SCAMP5;SEC24D;DNMT3B;WDR63;IFNAR1;ZNF695;NRM;RP11-46C20.1;ZNF219;CHURC1;ATP6AP2;BFSP1;TRA2B;ITPRIPL1;IDUA;SH3GLB2;ASAH1;IDS;PARVB;TMEM86A;AC017099.3;RP11-9E13.4;NDUFAF5;FTSJ1;HIST1H2BD;RDBP;TGOLN2;HIST2H4B;ANGEL1;HIST2H4A;NUDT1;ANKRD36B;ABCA3;TMEM59;FBL;HNRNPA3;BANF1;HNRNPA3P1;GMPSP1;RABGGTA;PKN3;FAM46B;CNN2;RP11-244H3.1;PARP14;HEATR2;PTBP1;TCTEX1D4;PSAP;FST;RPL26L1;RCC1;ACTG1;CAD;GTF3C3;PCDHB8;SLC17A5;FCGR1A;HIST1H2AC;SF3A2;LEPROT;C15orf41;TMEM248;BCL7C;HNRNPU;UHRF2;DNAJC8;FAF1;ABT1;RP11-541N10.3;TAGLN2P1;RP11-673C5.1;PCDHB9;H3F3B;CD46;DAZAP1;AC098614.2;SLC4A11;CCDC69;COX14;GABARAPL2;HNRNPM;MRPL37;PARD3B;U2AF1;RAVER1
HFF_PD16_1,HFF,logistic_all,0,0,1.7617215760779954e-05,CCHCR1;RBMXL1;CD46P1;ITPRIP;PAK4;EMD;ITM2B;FANCE;PECR;TRIM55;STXBP5;NUP160;CDC25B;ATRN;SCAMP5;SEC24D;DNMT3B;WDR63;IFNAR1;ZNF695;NRM;RP11-46C20.1;ZNF219;CHURC1;ATP6AP2;BFSP1;TRA2B;ITPRIPL1;IDUA;SH3GLB2;ASAH1;IDS;PARVB;TMEM86A;AC017099.3;RP11-9E13.4;NDUFAF5;FTSJ1;HIST1H2BD;RDBP;TGOLN2;HIST2H4B;ANGEL1;HIST2H4A;NUDT1;ANKRD36B;ABCA3;TMEM59;FBL;HNRNPA3;BANF1;HNRNPA3P1;GMPSP1;RABGGTA;PKN3;FAM46B;CNN2;RP11-244H3.1;PARP14;HEATR2;PTBP1;TCTEX1D4;PSAP;FST;RPL26L1;RCC1;ACTG1;CAD;GTF3C3;PCDHB8;SLC17A5;FCGR1A;HIST1H2AC;SF3A2;LEPROT;C15orf41;TMEM248;BCL7C;HNRNPU;UHRF2;DNAJC8;FAF1;ABT1;RP11-541N10.3;TAGLN2P1;RP11-673C5.1;PCDHB9;H3F3B;CD46;DAZAP1;AC098614.2;SLC4A11;CCDC69;COX14;GABARAPL2;HNRNPM;MRPL37;PARD3B;U2AF1;RAVER1
HFF_PD16_2,HFF,logistic_all,0,0,2.0700209434842476e-05,CCHCR1;RBMXL1;CD46P1;ITPRIP;PAK4;EMD;ITM2B;FANCE;PECR;TRIM55;STXBP5;NUP160;CDC25B;ATRN;SCAMP5;SEC24D;DNMT3B;WDR63;IFNAR1;ZNF695;NRM;RP11-46C20.1;ZNF219;CHURC1;ATP6AP2;BFSP1;TRA2B;ITPRIPL1;IDUA;SH3GLB2;ASAH1;IDS;PARVB;TMEM86A;AC017099.3;RP11-9E13.4;NDUFAF5;FTSJ1;HIST1H2BD;RDBP;TGOLN2;HIST2H4B;ANGEL1;HIST2H4A;NUDT1;ANKRD36B;ABCA3;TMEM59;FBL;HNRNPA3;BANF1;HNRNPA3P1;GMPSP1;RABGGTA;PKN3;FAM46B;CNN2;RP11-244H3.1;PARP14;HEATR2;PTBP1;TCTEX1D4;PSAP;FST;RPL26L1;RCC1;ACTG1;CAD;GTF3C3;PCDHB8;SLC17A5;FCGR1A;HIST1H2AC;SF3A2;LEPROT;C15orf41;TMEM248;BCL7C;HNRNPU;UHRF2;DNAJC8;FAF1;ABT1;RP11-541N10.3;TAGLN2P1;RP11-673C5.1;PCDHB9;H3F3B;CD46;DAZAP1;AC098614.2;SLC4A11;CCDC69;COX14;GABARAPL2;HNRNPM;MRPL37;PARD3B;U2AF1;RAVER1
HFF_PD16_3,HFF,logistic_all,0,0,4.8739551515091065e-05,CCHCR1;RBMXL1;CD46P1;ITPRIP;PAK4;EMD;ITM2B;FANCE;PECR;TRIM55;STXBP5;NUP160;CDC25B;ATRN;SCAMP5;SEC24D;DNMT3B;WDR63;IFNAR1;ZNF695;NRM;RP11-46C20.1;ZNF219;CHURC1;ATP6AP2;BFSP1;TRA2B;ITPRIPL1;IDUA;SH3GLB2;ASAH1;IDS;PARVB;TMEM86A;AC017099.3;RP11-9E13.4;NDUFAF5;FTSJ1;HIST1H2BD;RDBP;TGOLN2;HIST2H4B;ANGEL1;HIST2H4A;NUDT1;ANKRD36B;ABCA3;TMEM59;FBL;HNRNPA3;BANF1;HNRNPA3P1;GMPSP1;RABGGTA;PKN3;FAM46B;CNN2;RP11-244H3.1;PARP14;HEATR2;PTBP1;TCTEX1D4;PSAP;FST;RPL26L1;RCC1;ACTG1;CAD;GTF3C3;PCDHB8;SLC17A5;FCGR1A;HIST1H2AC;SF3A2;LEPROT;C15orf41;TMEM248;BCL7C;HNRNPU;UHRF2;DNAJC8;FAF1;ABT1;RP11-541N10.3;TAGLN2P1;RP11-673C5.1;PCDHB9;H3F3B;CD46;DAZAP1;AC098614.2;SLC4A11;CCDC69;COX14;GABARAPL2;HNRNPM;MRPL37;PARD3B;U2AF1;RAVER1
HFF_PD74_1,HFF,logistic_all,1,1,0.9999621310538139,CCHCR1;RBMXL1;CD46P1;ITPRIP;PAK4;EMD;ITM2B;FANCE;PECR;TRIM55;STXBP5;NUP160;CDC25B;ATRN;SCAMP5;SEC24D;DNMT3B;WDR63;IFNAR1;ZNF695;NRM;RP11-46C20.1;ZNF219;CHURC1;ATP6AP2;BFSP1;TRA2B;ITPRIPL1;IDUA;SH3GLB2;ASAH1;IDS;PARVB;TMEM86A;AC017099.3;RP11-9E13.4;NDUFAF5;FTSJ1;HIST1H2BD;RDBP;TGOLN2;HIST2H4B;ANGEL1;HIST2H4A;NUDT1;ANKRD36B;ABCA3;TMEM59;FBL;HNRNPA3;BANF1;HNRNPA3P1;GMPSP1;RABGGTA;PKN3;FAM46B;CNN2;RP11-244H3.1;PARP14;HEATR2;PTBP1;TCTEX1D4;PSAP;FST;RPL26L1;RCC1;ACTG1;CAD;GTF3C3;PCDHB8;SLC17A5;FCGR1A;HIST1H2AC;SF3A2;LEPROT;C15orf41;TMEM248;BCL7C;HNRNPU;UHRF2;DNAJC8;FAF1;ABT1;RP11-541N10.3;TAGLN2P1;RP11-673C5.1;PCDHB9;H3F3B;CD46;DAZAP1;AC098614.2;SLC4A11;CCDC69;COX14;GABARAPL2;HNRNPM;MRPL37;PARD3B;U2AF1;RAVER1
HFF_PD74_2,HFF,logistic_all,1,1,0.9999649793738813,CCHCR1;RBMXL1;CD46P1;ITPRIP;PAK4;EMD;ITM2B;FANCE;PECR;TRIM55;STXBP5;NUP160;CDC25B;ATRN;SCAMP5;SEC24D;DNMT3B;WDR63;IFNAR1;ZNF695;NRM;RP11-46C20.1;ZNF219;CHURC1;ATP6AP2;BFSP1;TRA2B;ITPRIPL1;IDUA;SH3GLB2;ASAH1;IDS;PARVB;TMEM86A;AC017099.3;RP11-9E13.4;NDUFAF5;FTSJ1;HIST1H2BD;RDBP;TGOLN2;HIST2H4B;ANGEL1;HIST2H4A;NUDT1;ANKRD36B;ABCA3;TMEM59;FBL;HNRNPA3;BANF1;HNRNPA3P1;GMPSP1;RABGGTA;PKN3;FAM46B;CNN2;RP11-244H3.1;PARP14;HEATR2;PTBP1;TCTEX1D4;PSAP;FST;RPL26L1;RCC1;ACTG1;CAD;GTF3C3;PCDHB8;SLC17A5;FCGR1A;HIST1H2AC;SF3A2;LEPROT;C15orf41;TMEM248;BCL7C;HNRNPU;UHRF2;DNAJC8;FAF1;ABT1;RP11-541N10.3;TAGLN2P1;RP11-673C5.1;PCDHB9;H3F3B;CD46;DAZAP1;AC098614.2;SLC4A11;CCDC69;COX14;GABARAPL2;HNRNPM;MRPL37;PARD3B;U2AF1;RAVER1
HFF_PD74_3,HFF,logistic_all,1,1,0.9999639955636144,CCHCR1;RBMXL1;CD46P1;ITPRIP;PAK4;EMD;ITM2B;FANCE;PECR;TRIM55;STXBP5;NUP160;CDC25B;ATRN;SCAMP5;SEC24D;DNMT3B;WDR63;IFNAR1;ZNF695;NRM;RP11-46C20.1;ZNF219;CHURC1;ATP6AP2;BFSP1;TRA2B;ITPRIPL1;IDUA;SH3GLB2;ASAH1;IDS;PARVB;TMEM86A;AC017099.3;RP11-9E13.4;NDUFAF5;FTSJ1;HIST1H2BD;RDBP;TGOLN2;HIST2H4B;ANGEL1;HIST2H4A;NUDT1;ANKRD36B;ABCA3;TMEM59;FBL;HNRNPA3;BANF1;HNRNPA3P1;GMPSP1;RABGGTA;PKN3;FAM46B;CNN2;RP11-244H3.1;PARP14;HEATR2;PTBP1;TCTEX1D4;PSAP;FST;RPL26L1;RCC1;ACTG1;CAD;GTF3C3;PCDHB8;SLC17A5;FCGR1A;HIST1H2AC;SF3A2;LEPROT;C15orf41;TMEM248;BCL7C;HNRNPU;UHRF2;DNAJC8;FAF1;ABT1;RP11-541N10.3;TAGLN2P1;RP11-673C5.1;PCDHB9;H3F3B;CD46;DAZAP1;AC098614.2;SLC4A11;CCDC69;COX14;GABARAPL2;HNRNPM;MRPL37;PARD3B;U2AF1;RAVER1
IMR90_Y1,IMR90,dummy_majority,0,0,0.5,WDR63;CNTLN;TBC1D10C;J01415.9;NRM;ATRN;TMEM59;CNN2;PSAP;NUP160;FANCE;TMCO6;SLC4A11;J01415.10;CCHCR1;HIST1H2AC;SF3A2;RAD51D;FOXRED1;NIPAL3;WDR67;TRA2B;HIST1H2BD;C15orf41;AC017099.3;PKN3;SEC24D;IDS;CWC22;RP11-89C21.2;HMGB2;EIF4EBP1;PRPF38A;TTI1;IDUA;EFCAB5;ITPRIP;RCC1;PFKP;TGOLN2;MAMDC2;RBM17;GRN;SAPCD2;BFSP1;FAM46B;CD46P1;KDM1A;NGDN;IFNAR1;GMPS;CCDC59;TRIM55;ITM2B;PTMA;SAMD9L;ANGEL1;ASAH1;GABARAPL2;CCNI;RBMXL1;RP11-46C20.1;ANP32A;FANCC;MUS81;SNRPA;RQCD1;GMPSP1;DERA;TMEM86A;CDC25B;MAMDC4;MAN2B2;HNRNPD;ERVK13-1;H3F3B;HBS1L;DROSHA;PROSER1;SMC3;LRP10;BANF1;HNRNPU;ITPRIPL1;MT-ND3;EMD;HNRNPA3;CPEB4;HNRNPA1;FAM192A;RP11-244H3.1;CEP57;U2AF1;CREB1;CDKAL1;TCF12;LEPROT;ING3;PARVB;AC007620.3
IMR90_Y2,IMR90,dummy_majority,0,0,0.5,WDR63;CNTLN;TBC1D10C;J01415.9;NRM;ATRN;TMEM59;CNN2;PSAP;NUP160;FANCE;TMCO6;SLC4A11;J01415.10;CCHCR1;HIST1H2AC;SF3A2;RAD51D;FOXRED1;NIPAL3;WDR67;TRA2B;HIST1H2BD;C15orf41;AC017099.3;PKN3;SEC24D;IDS;CWC22;RP11-89C21.2;HMGB2;EIF4EBP1;PRPF38A;TTI1;IDUA;EFCAB5;ITPRIP;RCC1;PFKP;TGOLN2;MAMDC2;RBM17;GRN;SAPCD2;BFSP1;FAM46B;CD46P1;KDM1A;NGDN;IFNAR1;GMPS;CCDC59;TRIM55;ITM2B;PTMA;SAMD9L;ANGEL1;ASAH1;GABARAPL2;CCNI;RBMXL1;RP11-46C20.1;ANP32A;FANCC;MUS81;SNRPA;RQCD1;GMPSP1;DERA;TMEM86A;CDC25B;MAMDC4;MAN2B2;HNRNPD;ERVK13-1;H3F3B;HBS1L;DROSHA;PROSER1;SMC3;LRP10;BANF1;HNRNPU;ITPRIPL1;MT-ND3;EMD;HNRNPA3;CPEB4;HNRNPA1;FAM192A;RP11-244H3.1;CEP57;U2AF1;CREB1;CDKAL1;TCF12;LEPROT;ING3;PARVB;AC007620.3
IMR90_Y3,IMR90,dummy_majority,0,0,0.5,WDR63;CNTLN;TBC1D10C;J01415.9;NRM;ATRN;TMEM59;CNN2;PSAP;NUP160;FANCE;TMCO6;SLC4A11;J01415.10;CCHCR1;HIST1H2AC;SF3A2;RAD51D;FOXRED1;NIPAL3;WDR67;TRA2B;HIST1H2BD;C15orf41;AC017099.3;PKN3;SEC24D;IDS;CWC22;RP11-89C21.2;HMGB2;EIF4EBP1;PRPF38A;TTI1;IDUA;EFCAB5;ITPRIP;RCC1;PFKP;TGOLN2;MAMDC2;RBM17;GRN;SAPCD2;BFSP1;FAM46B;CD46P1;KDM1A;NGDN;IFNAR1;GMPS;CCDC59;TRIM55;ITM2B;PTMA;SAMD9L;ANGEL1;ASAH1;GABARAPL2;CCNI;RBMXL1;RP11-46C20.1;ANP32A;FANCC;MUS81;SNRPA;RQCD1;GMPSP1;DERA;TMEM86A;CDC25B;MAMDC4;MAN2B2;HNRNPD;ERVK13-1;H3F3B;HBS1L;DROSHA;PROSER1;SMC3;LRP10;BANF1;HNRNPU;ITPRIPL1;MT-ND3;EMD;HNRNPA3;CPEB4;HNRNPA1;FAM192A;RP11-244H3.1;CEP57;U2AF1;CREB1;CDKAL1;TCF12;LEPROT;ING3;PARVB;AC007620.3
IMR90_O1,IMR90,dummy_majority,1,0,0.5,WDR63;CNTLN;TBC1D10C;J01415.9;NRM;ATRN;TMEM59;CNN2;PSAP;NUP160;FANCE;TMCO6;SLC4A11;J01415.10;CCHCR1;HIST1H2AC;SF3A2;RAD51D;FOXRED1;NIPAL3;WDR67;TRA2B;HIST1H2BD;C15orf41;AC017099.3;PKN3;SEC24D;IDS;CWC22;RP11-89C21.2;HMGB2;EIF4EBP1;PRPF38A;TTI1;IDUA;EFCAB5;ITPRIP;RCC1;PFKP;TGOLN2;MAMDC2;RBM17;GRN;SAPCD2;BFSP1;FAM46B;CD46P1;KDM1A;NGDN;IFNAR1;GMPS;CCDC59;TRIM55;ITM2B;PTMA;SAMD9L;ANGEL1;ASAH1;GABARAPL2;CCNI;RBMXL1;RP11-46C20.1;ANP32A;FANCC;MUS81;SNRPA;RQCD1;GMPSP1;DERA;TMEM86A;CDC25B;MAMDC4;MAN2B2;HNRNPD;ERVK13-1;H3F3B;HBS1L;DROSHA;PROSER1;SMC3;LRP10;BANF1;HNRNPU;ITPRIPL1;MT-ND3;EMD;HNRNPA3;CPEB4;HNRNPA1;FAM192A;RP11-244H3.1;CEP57;U2AF1;CREB1;CDKAL1;TCF12;LEPROT;ING3;PARVB;AC007620.3
IMR90_O2,IMR90,dummy_majority,1,0,0.5,WDR63;CNTLN;TBC1D10C;J01415.9;NRM;ATRN;TMEM59;CNN2;PSAP;NUP160;FANCE;TMCO6;SLC4A11;J01415.10;CCHCR1;HIST1H2AC;SF3A2;RAD51D;FOXRED1;NIPAL3;WDR67;TRA2B;HIST1H2BD;C15orf41;AC017099.3;PKN3;SEC24D;IDS;CWC22;RP11-89C21.2;HMGB2;EIF4EBP1;PRPF38A;TTI1;IDUA;EFCAB5;ITPRIP;RCC1;PFKP;TGOLN2;MAMDC2;RBM17;GRN;SAPCD2;BFSP1;FAM46B;CD46P1;KDM1A;NGDN;IFNAR1;GMPS;CCDC59;TRIM55;ITM2B;PTMA;SAMD9L;ANGEL1;ASAH1;GABARAPL2;CCNI;RBMXL1;RP11-46C20.1;ANP32A;FANCC;MUS81;SNRPA;RQCD1;GMPSP1;DERA;TMEM86A;CDC25B;MAMDC4;MAN2B2;HNRNPD;ERVK13-1;H3F3B;HBS1L;DROSHA;PROSER1;SMC3;LRP10;BANF1;HNRNPU;ITPRIPL1;MT-ND3;EMD;HNRNPA3;CPEB4;HNRNPA1;FAM192A;RP11-244H3.1;CEP57;U2AF1;CREB1;CDKAL1;TCF12;LEPROT;ING3;PARVB;AC007620.3
IMR90_O3,IMR90,dummy_majority,1,0,0.5,WDR63;CNTLN;TBC1D10C;J01415.9;NRM;ATRN;TMEM59;CNN2;PSAP;NUP160;FANCE;TMCO6;SLC4A11;J01415.10;CCHCR1;HIST1H2AC;SF3A2;RAD51D;FOXRED1;NIPAL3;WDR67;TRA2B;HIST1H2BD;C15orf41;AC017099.3;PKN3;SEC24D;IDS;CWC22;RP11-89C21.2;HMGB2;EIF4EBP1;PRPF38A;TTI1;IDUA;EFCAB5;ITPRIP;RCC1;PFKP;TGOLN2;MAMDC2;RBM17;GRN;SAPCD2;BFSP1;FAM46B;CD46P1;KDM1A;NGDN;IFNAR1;GMPS;CCDC59;TRIM55;ITM2B;PTMA;SAMD9L;ANGEL1;ASAH1;GABARAPL2;CCNI;RBMXL1;RP11-46C20.1;ANP32A;FANCC;MUS81;SNRPA;RQCD1;GMPSP1;DERA;TMEM86A;CDC25B;MAMDC4;MAN2B2;HNRNPD;ERVK13-1;H3F3B;HBS1L;DROSHA;PROSER1;SMC3;LRP10;BANF1;HNRNPU;ITPRIPL1;MT-ND3;EMD;HNRNPA3;CPEB4;HNRNPA1;FAM192A;RP11-244H3.1;CEP57;U2AF1;CREB1;CDKAL1;TCF12;LEPROT;ING3;PARVB;AC007620.3
IMR90_Y1,IMR90,nearest_centroid_top,0,0,0.0,WDR63;CNTLN;TBC1D10C;J01415.9;NRM;ATRN;TMEM59;CNN2;PSAP;NUP160;FANCE;TMCO6;SLC4A11;J01415.10;CCHCR1;HIST1H2AC;SF3A2;RAD51D;FOXRED1;NIPAL3;WDR67;TRA2B;HIST1H2BD;C15orf41;AC017099.3;PKN3;SEC24D;IDS;CWC22;RP11-89C21.2;HMGB2;EIF4EBP1;PRPF38A;TTI1;IDUA;EFCAB5;ITPRIP;RCC1;PFKP;TGOLN2;MAMDC2;RBM17;GRN;SAPCD2;BFSP1;FAM46B;CD46P1;KDM1A;NGDN;IFNAR1;GMPS;CCDC59;TRIM55;ITM2B;PTMA;SAMD9L;ANGEL1;ASAH1;GABARAPL2;CCNI;RBMXL1;RP11-46C20.1;ANP32A;FANCC;MUS81;SNRPA;RQCD1;GMPSP1;DERA;TMEM86A;CDC25B;MAMDC4;MAN2B2;HNRNPD;ERVK13-1;H3F3B;HBS1L;DROSHA;PROSER1;SMC3;LRP10;BANF1;HNRNPU;ITPRIPL1;MT-ND3;EMD;HNRNPA3;CPEB4;HNRNPA1;FAM192A;RP11-244H3.1;CEP57;U2AF1;CREB1;CDKAL1;TCF12;LEPROT;ING3;PARVB;AC007620.3
IMR90_Y2,IMR90,nearest_centroid_top,0,0,0.0,WDR63;CNTLN;TBC1D10C;J01415.9;NRM;ATRN;TMEM59;CNN2;PSAP;NUP160;FANCE;TMCO6;SLC4A11;J01415.10;CCHCR1;HIST1H2AC;SF3A2;RAD51D;FOXRED1;NIPAL3;WDR67;TRA2B;HIST1H2BD;C15orf41;AC017099.3;PKN3;SEC24D;IDS;CWC22;RP11-89C21.2;HMGB2;EIF4EBP1;PRPF38A;TTI1;IDUA;EFCAB5;ITPRIP;RCC1;PFKP;TGOLN2;MAMDC2;RBM17;GRN;SAPCD2;BFSP1;FAM46B;CD46P1;KDM1A;NGDN;IFNAR1;GMPS;CCDC59;TRIM55;ITM2B;PTMA;SAMD9L;ANGEL1;ASAH1;GABARAPL2;CCNI;RBMXL1;RP11-46C20.1;ANP32A;FANCC;MUS81;SNRPA;RQCD1;GMPSP1;DERA;TMEM86A;CDC25B;MAMDC4;MAN2B2;HNRNPD;ERVK13-1;H3F3B;HBS1L;DROSHA;PROSER1;SMC3;LRP10;BANF1;HNRNPU;ITPRIPL1;MT-ND3;EMD;HNRNPA3;CPEB4;HNRNPA1;FAM192A;RP11-244H3.1;CEP57;U2AF1;CREB1;CDKAL1;TCF12;LEPROT;ING3;PARVB;AC007620.3
IMR90_Y3,IMR90,nearest_centroid_top,0,0,0.0,WDR63;CNTLN;TBC1D10C;J01415.9;NRM;ATRN;TMEM59;CNN2;PSAP;NUP160;FANCE;TMCO6;SLC4A11;J01415.10;CCHCR1;HIST1H2AC;SF3A2;RAD51D;FOXRED1;NIPAL3;WDR67;TRA2B;HIST1H2BD;C15orf41;AC017099.3;PKN3;SEC24D;IDS;CWC22;RP11-89C21.2;HMGB2;EIF4EBP1;PRPF38A;TTI1;IDUA;EFCAB5;ITPRIP;RCC1;PFKP;TGOLN2;MAMDC2;RBM17;GRN;SAPCD2;BFSP1;FAM46B;CD46P1;KDM1A;NGDN;IFNAR1;GMPS;CCDC59;TRIM55;ITM2B;PTMA;SAMD9L;ANGEL1;ASAH1;GABARAPL2;CCNI;RBMXL1;RP11-46C20.1;ANP32A;FANCC;MUS81;SNRPA;RQCD1;GMPSP1;DERA;TMEM86A;CDC25B;MAMDC4;MAN2B2;HNRNPD;ERVK13-1;H3F3B;HBS1L;DROSHA;PROSER1;SMC3;LRP10;BANF1;HNRNPU;ITPRIPL1;MT-ND3;EMD;HNRNPA3;CPEB4;HNRNPA1;FAM192A;RP11-244H3.1;CEP57;U2AF1;CREB1;CDKAL1;TCF12;LEPROT;ING3;PARVB;AC007620.3
IMR90_O1,IMR90,nearest_centroid_top,1,0,0.0,WDR63;CNTLN;TBC1D10C;J01415.9;NRM;ATRN;TMEM59;CNN2;PSAP;NUP160;FANCE;TMCO6;SLC4A11;J01415.10;CCHCR1;HIST1H2AC;SF3A2;RAD51D;FOXRED1;NIPAL3;WDR67;TRA2B;HIST1H2BD;C15orf41;AC017099.3;PKN3;SEC24D;IDS;CWC22;RP11-89C21.2;HMGB2;EIF4EBP1;PRPF38A;TTI1;IDUA;EFCAB5;ITPRIP;RCC1;PFKP;TGOLN2;MAMDC2;RBM17;GRN;SAPCD2;BFSP1;FAM46B;CD46P1;KDM1A;NGDN;IFNAR1;GMPS;CCDC59;TRIM55;ITM2B;PTMA;SAMD9L;ANGEL1;ASAH1;GABARAPL2;CCNI;RBMXL1;RP11-46C20.1;ANP32A;FANCC;MUS81;SNRPA;RQCD1;GMPSP1;DERA;TMEM86A;CDC25B;MAMDC4;MAN2B2;HNRNPD;ERVK13-1;H3F3B;HBS1L;DROSHA;PROSER1;SMC3;LRP10;BANF1;HNRNPU;ITPRIPL1;MT-ND3;EMD;HNRNPA3;CPEB4;HNRNPA1;FAM192A;RP11-244H3.1;CEP57;U2AF1;CREB1;CDKAL1;TCF12;LEPROT;ING3;PARVB;AC007620.3
IMR90_O2,IMR90,nearest_centroid_top,1,1,1.0,WDR63;CNTLN;TBC1D10C;J01415.9;NRM;ATRN;TMEM59;CNN2;PSAP;NUP160;FANCE;TMCO6;SLC4A11;J01415.10;CCHCR1;HIST1H2AC;SF3A2;RAD51D;FOXRED1;NIPAL3;WDR67;TRA2B;HIST1H2BD;C15orf41;AC017099.3;PKN3;SEC24D;IDS;CWC22;RP11-89C21.2;HMGB2;EIF4EBP1;PRPF38A;TTI1;IDUA;EFCAB5;ITPRIP;RCC1;PFKP;TGOLN2;MAMDC2;RBM17;GRN;SAPCD2;BFSP1;FAM46B;CD46P1;KDM1A;NGDN;IFNAR1;GMPS;CCDC59;TRIM55;ITM2B;PTMA;SAMD9L;ANGEL1;ASAH1;GABARAPL2;CCNI;RBMXL1;RP11-46C20.1;ANP32A;FANCC;MUS81;SNRPA;RQCD1;GMPSP1;DERA;TMEM86A;CDC25B;MAMDC4;MAN2B2;HNRNPD;ERVK13-1;H3F3B;HBS1L;DROSHA;PROSER1;SMC3;LRP10;BANF1;HNRNPU;ITPRIPL1;MT-ND3;EMD;HNRNPA3;CPEB4;HNRNPA1;FAM192A;RP11-244H3.1;CEP57;U2AF1;CREB1;CDKAL1;TCF12;LEPROT;ING3;PARVB;AC007620.3
IMR90_O3,IMR90,nearest_centroid_top,1,1,1.0,WDR63;CNTLN;TBC1D10C;J01415.9;NRM;ATRN;TMEM59;CNN2;PSAP;NUP160;FANCE;TMCO6;SLC4A11;J01415.10;CCHCR1;HIST1H2AC;SF3A2;RAD51D;FOXRED1;NIPAL3;WDR67;TRA2B;HIST1H2BD;C15orf41;AC017099.3;PKN3;SEC24D;IDS;CWC22;RP11-89C21.2;HMGB2;EIF4EBP1;PRPF38A;TTI1;IDUA;EFCAB5;ITPRIP;RCC1;PFKP;TGOLN2;MAMDC2;RBM17;GRN;SAPCD2;BFSP1;FAM46B;CD46P1;KDM1A;NGDN;IFNAR1;GMPS;CCDC59;TRIM55;ITM2B;PTMA;SAMD9L;ANGEL1;ASAH1;GABARAPL2;CCNI;RBMXL1;RP11-46C20.1;ANP32A;FANCC;MUS81;SNRPA;RQCD1;GMPSP1;DERA;TMEM86A;CDC25B;MAMDC4;MAN2B2;HNRNPD;ERVK13-1;H3F3B;HBS1L;DROSHA;PROSER1;SMC3;LRP10;BANF1;HNRNPU;ITPRIPL1;MT-ND3;EMD;HNRNPA3;CPEB4;HNRNPA1;FAM192A;RP11-244H3.1;CEP57;U2AF1;CREB1;CDKAL1;TCF12;LEPROT;ING3;PARVB;AC007620.3
IMR90_Y1,IMR90,linear_svm_top,0,0,-1.74677689155958,WDR63;CNTLN;TBC1D10C;J01415.9;NRM;ATRN;TMEM59;CNN2;PSAP;NUP160;FANCE;TMCO6;SLC4A11;J01415.10;CCHCR1;HIST1H2AC;SF3A2;RAD51D;FOXRED1;NIPAL3;WDR67;TRA2B;HIST1H2BD;C15orf41;AC017099.3;PKN3;SEC24D;IDS;CWC22;RP11-89C21.2;HMGB2;EIF4EBP1;PRPF38A;TTI1;IDUA;EFCAB5;ITPRIP;RCC1;PFKP;TGOLN2;MAMDC2;RBM17;GRN;SAPCD2;BFSP1;FAM46B;CD46P1;KDM1A;NGDN;IFNAR1;GMPS;CCDC59;TRIM55;ITM2B;PTMA;SAMD9L;ANGEL1;ASAH1;GABARAPL2;CCNI;RBMXL1;RP11-46C20.1;ANP32A;FANCC;MUS81;SNRPA;RQCD1;GMPSP1;DERA;TMEM86A;CDC25B;MAMDC4;MAN2B2;HNRNPD;ERVK13-1;H3F3B;HBS1L;DROSHA;PROSER1;SMC3;LRP10;BANF1;HNRNPU;ITPRIPL1;MT-ND3;EMD;HNRNPA3;CPEB4;HNRNPA1;FAM192A;RP11-244H3.1;CEP57;U2AF1;CREB1;CDKAL1;TCF12;LEPROT;ING3;PARVB;AC007620.3
IMR90_Y2,IMR90,linear_svm_top,0,0,-1.5991792566487484,WDR63;CNTLN;TBC1D10C;J01415.9;NRM;ATRN;TMEM59;CNN2;PSAP;NUP160;FANCE;TMCO6;SLC4A11;J01415.10;CCHCR1;HIST1H2AC;SF3A2;RAD51D;FOXRED1;NIPAL3;WDR67;TRA2B;HIST1H2BD;C15orf41;AC017099.3;PKN3;SEC24D;IDS;CWC22;RP11-89C21.2;HMGB2;EIF4EBP1;PRPF38A;TTI1;IDUA;EFCAB5;ITPRIP;RCC1;PFKP;TGOLN2;MAMDC2;RBM17;GRN;SAPCD2;BFSP1;FAM46B;CD46P1;KDM1A;NGDN;IFNAR1;GMPS;CCDC59;TRIM55;ITM2B;PTMA;SAMD9L;ANGEL1;ASAH1;GABARAPL2;CCNI;RBMXL1;RP11-46C20.1;ANP32A;FANCC;MUS81;SNRPA;RQCD1;GMPSP1;DERA;TMEM86A;CDC25B;MAMDC4;MAN2B2;HNRNPD;ERVK13-1;H3F3B;HBS1L;DROSHA;PROSER1;SMC3;LRP10;BANF1;HNRNPU;ITPRIPL1;MT-ND3;EMD;HNRNPA3;CPEB4;HNRNPA1;FAM192A;RP11-244H3.1;CEP57;U2AF1;CREB1;CDKAL1;TCF12;LEPROT;ING3;PARVB;AC007620.3
IMR90_Y3,IMR90,linear_svm_top,0,0,-1.6573312838717398,WDR63;CNTLN;TBC1D10C;J01415.9;NRM;ATRN;TMEM59;CNN2;PSAP;NUP160;FANCE;TMCO6;SLC4A11;J01415.10;CCHCR1;HIST1H2AC;SF3A2;RAD51D;FOXRED1;NIPAL3;WDR67;TRA2B;HIST1H2BD;C15orf41;AC017099.3;PKN3;SEC24D;IDS;CWC22;RP11-89C21.2;HMGB2;EIF4EBP1;PRPF38A;TTI1;IDUA;EFCAB5;ITPRIP;RCC1;PFKP;TGOLN2;MAMDC2;RBM17;GRN;SAPCD2;BFSP1;FAM46B;CD46P1;KDM1A;NGDN;IFNAR1;GMPS;CCDC59;TRIM55;ITM2B;PTMA;SAMD9L;ANGEL1;ASAH1;GABARAPL2;CCNI;RBMXL1;RP11-46C20.1;ANP32A;FANCC;MUS81;SNRPA;RQCD1;GMPSP1;DERA;TMEM86A;CDC25B;MAMDC4;MAN2B2;HNRNPD;ERVK13-1;H3F3B;HBS1L;DROSHA;PROSER1;SMC3;LRP10;BANF1;HNRNPU;ITPRIPL1;MT-ND3;EMD;HNRNPA3;CPEB4;HNRNPA1;FAM192A;RP11-244H3.1;CEP57;U2AF1;CREB1;CDKAL1;TCF12;LEPROT;ING3;PARVB;AC007620.3
IMR90_O1,IMR90,linear_svm_top,1,0,-1.6704033837664467,WDR63;CNTLN;TBC1D10C;J01415.9;NRM;ATRN;TMEM59;CNN2;PSAP;NUP160;FANCE;TMCO6;SLC4A11;J01415.10;CCHCR1;HIST1H2AC;SF3A2;RAD51D;FOXRED1;NIPAL3;WDR67;TRA2B;HIST1H2BD;C15orf41;AC017099.3;PKN3;SEC24D;IDS;CWC22;RP11-89C21.2;HMGB2;EIF4EBP1;PRPF38A;TTI1;IDUA;EFCAB5;ITPRIP;RCC1;PFKP;TGOLN2;MAMDC2;RBM17;GRN;SAPCD2;BFSP1;FAM46B;CD46P1;KDM1A;NGDN;IFNAR1;GMPS;CCDC59;TRIM55;ITM2B;PTMA;SAMD9L;ANGEL1;ASAH1;GABARAPL2;CCNI;RBMXL1;RP11-46C20.1;ANP32A;FANCC;MUS81;SNRPA;RQCD1;GMPSP1;DERA;TMEM86A;CDC25B;MAMDC4;MAN2B2;HNRNPD;ERVK13-1;H3F3B;HBS1L;DROSHA;PROSER1;SMC3;LRP10;BANF1;HNRNPU;ITPRIPL1;MT-ND3;EMD;HNRNPA3;CPEB4;HNRNPA1;FAM192A;RP11-244H3.1;CEP57;U2AF1;CREB1;CDKAL1;TCF12;LEPROT;ING3;PARVB;AC007620.3
IMR90_O2,IMR90,linear_svm_top,1,1,0.7441538535621913,WDR63;CNTLN;TBC1D10C;J01415.9;NRM;ATRN;TMEM59;CNN2;PSAP;NUP160;FANCE;TMCO6;SLC4A11;J01415.10;CCHCR1;HIST1H2AC;SF3A2;RAD51D;FOXRED1;NIPAL3;WDR67;TRA2B;HIST1H2BD;C15orf41;AC017099.3;PKN3;SEC24D;IDS;CWC22;RP11-89C21.2;HMGB2;EIF4EBP1;PRPF38A;TTI1;IDUA;EFCAB5;ITPRIP;RCC1;PFKP;TGOLN2;MAMDC2;RBM17;GRN;SAPCD2;BFSP1;FAM46B;CD46P1;KDM1A;NGDN;IFNAR1;GMPS;CCDC59;TRIM55;ITM2B;PTMA;SAMD9L;ANGEL1;ASAH1;GABARAPL2;CCNI;RBMXL1;RP11-46C20.1;ANP32A;FANCC;MUS81;SNRPA;RQCD1;GMPSP1;DERA;TMEM86A;CDC25B;MAMDC4;MAN2B2;HNRNPD;ERVK13-1;H3F3B;HBS1L;DROSHA;PROSER1;SMC3;LRP10;BANF1;HNRNPU;ITPRIPL1;MT-ND3;EMD;HNRNPA3;CPEB4;HNRNPA1;FAM192A;RP11-244H3.1;CEP57;U2AF1;CREB1;CDKAL1;TCF12;LEPROT;ING3;PARVB;AC007620.3
IMR90_O3,IMR90,linear_svm_top,1,1,1.1711127409300786,WDR63;CNTLN;TBC1D10C;J01415.9;NRM;ATRN;TMEM59;CNN2;PSAP;NUP160;FANCE;TMCO6;SLC4A11;J01415.10;CCHCR1;HIST1H2AC;SF3A2;RAD51D;FOXRED1;NIPAL3;WDR67;TRA2B;HIST1H2BD;C15orf41;AC017099.3;PKN3;SEC24D;IDS;CWC22;RP11-89C21.2;HMGB2;EIF4EBP1;PRPF38A;TTI1;IDUA;EFCAB5;ITPRIP;RCC1;PFKP;TGOLN2;MAMDC2;RBM17;GRN;SAPCD2;BFSP1;FAM46B;CD46P1;KDM1A;NGDN;IFNAR1;GMPS;CCDC59;TRIM55;ITM2B;PTMA;SAMD9L;ANGEL1;ASAH1;GABARAPL2;CCNI;RBMXL1;RP11-46C20.1;ANP32A;FANCC;MUS81;SNRPA;RQCD1;GMPSP1;DERA;TMEM86A;CDC25B;MAMDC4;MAN2B2;HNRNPD;ERVK13-1;H3F3B;HBS1L;DROSHA;PROSER1;SMC3;LRP10;BANF1;HNRNPU;ITPRIPL1;MT-ND3;EMD;HNRNPA3;CPEB4;HNRNPA1;FAM192A;RP11-244H3.1;CEP57;U2AF1;CREB1;CDKAL1;TCF12;LEPROT;ING3;PARVB;AC007620.3
IMR90_Y1,IMR90,logistic_top,0,0,0.0002703712511143134,WDR63;CNTLN;TBC1D10C;J01415.9;NRM;ATRN;TMEM59;CNN2;PSAP;NUP160;FANCE;TMCO6;SLC4A11;J01415.10;CCHCR1;HIST1H2AC;SF3A2;RAD51D;FOXRED1;NIPAL3;WDR67;TRA2B;HIST1H2BD;C15orf41;AC017099.3;PKN3;SEC24D;IDS;CWC22;RP11-89C21.2;HMGB2;EIF4EBP1;PRPF38A;TTI1;IDUA;EFCAB5;ITPRIP;RCC1;PFKP;TGOLN2;MAMDC2;RBM17;GRN;SAPCD2;BFSP1;FAM46B;CD46P1;KDM1A;NGDN;IFNAR1;GMPS;CCDC59;TRIM55;ITM2B;PTMA;SAMD9L;ANGEL1;ASAH1;GABARAPL2;CCNI;RBMXL1;RP11-46C20.1;ANP32A;FANCC;MUS81;SNRPA;RQCD1;GMPSP1;DERA;TMEM86A;CDC25B;MAMDC4;MAN2B2;HNRNPD;ERVK13-1;H3F3B;HBS1L;DROSHA;PROSER1;SMC3;LRP10;BANF1;HNRNPU;ITPRIPL1;MT-ND3;EMD;HNRNPA3;CPEB4;HNRNPA1;FAM192A;RP11-244H3.1;CEP57;U2AF1;CREB1;CDKAL1;TCF12;LEPROT;ING3;PARVB;AC007620.3
IMR90_Y2,IMR90,logistic_top,0,0,0.0005009057653808902,WDR63;CNTLN;TBC1D10C;J01415.9;NRM;ATRN;TMEM59;CNN2;PSAP;NUP160;FANCE;TMCO6;SLC4A11;J01415.10;CCHCR1;HIST1H2AC;SF3A2;RAD51D;FOXRED1;NIPAL3;WDR67;TRA2B;HIST1H2BD;C15orf41;AC017099.3;PKN3;SEC24D;IDS;CWC22;RP11-89C21.2;HMGB2;EIF4EBP1;PRPF38A;TTI1;IDUA;EFCAB5;ITPRIP;RCC1;PFKP;TGOLN2;MAMDC2;RBM17;GRN;SAPCD2;BFSP1;FAM46B;CD46P1;KDM1A;NGDN;IFNAR1;GMPS;CCDC59;TRIM55;ITM2B;PTMA;SAMD9L;ANGEL1;ASAH1;GABARAPL2;CCNI;RBMXL1;RP11-46C20.1;ANP32A;FANCC;MUS81;SNRPA;RQCD1;GMPSP1;DERA;TMEM86A;CDC25B;MAMDC4;MAN2B2;HNRNPD;ERVK13-1;H3F3B;HBS1L;DROSHA;PROSER1;SMC3;LRP10;BANF1;HNRNPU;ITPRIPL1;MT-ND3;EMD;HNRNPA3;CPEB4;HNRNPA1;FAM192A;RP11-244H3.1;CEP57;U2AF1;CREB1;CDKAL1;TCF12;LEPROT;ING3;PARVB;AC007620.3
IMR90_Y3,IMR90,logistic_top,0,0,0.00038894568278554265,WDR63;CNTLN;TBC1D10C;J01415.9;NRM;ATRN;TMEM59;CNN2;PSAP;NUP160;FANCE;TMCO6;SLC4A11;J01415.10;CCHCR1;HIST1H2AC;SF3A2;RAD51D;FOXRED1;NIPAL3;WDR67;TRA2B;HIST1H2BD;C15orf41;AC017099.3;PKN3;SEC24D;IDS;CWC22;RP11-89C21.2;HMGB2;EIF4EBP1;PRPF38A;TTI1;IDUA;EFCAB5;ITPRIP;RCC1;PFKP;TGOLN2;MAMDC2;RBM17;GRN;SAPCD2;BFSP1;FAM46B;CD46P1;KDM1A;NGDN;IFNAR1;GMPS;CCDC59;TRIM55;ITM2B;PTMA;SAMD9L;ANGEL1;ASAH1;GABARAPL2;CCNI;RBMXL1;RP11-46C20.1;ANP32A;FANCC;MUS81;SNRPA;RQCD1;GMPSP1;DERA;TMEM86A;CDC25B;MAMDC4;MAN2B2;HNRNPD;ERVK13-1;H3F3B;HBS1L;DROSHA;PROSER1;SMC3;LRP10;BANF1;HNRNPU;ITPRIPL1;MT-ND3;EMD;HNRNPA3;CPEB4;HNRNPA1;FAM192A;RP11-244H3.1;CEP57;U2AF1;CREB1;CDKAL1;TCF12;LEPROT;ING3;PARVB;AC007620.3
IMR90_O1,IMR90,logistic_top,1,0,0.00037183813603328494,WDR63;CNTLN;TBC1D10C;J01415.9;NRM;ATRN;TMEM59;CNN2;PSAP;NUP160;FANCE;TMCO6;SLC4A11;J01415.10;CCHCR1;HIST1H2AC;SF3A2;RAD51D;FOXRED1;NIPAL3;WDR67;TRA2B;HIST1H2BD;C15orf41;AC017099.3;PKN3;SEC24D;IDS;CWC22;RP11-89C21.2;HMGB2;EIF4EBP1;PRPF38A;TTI1;IDUA;EFCAB5;ITPRIP;RCC1;PFKP;TGOLN2;MAMDC2;RBM17;GRN;SAPCD2;BFSP1;FAM46B;CD46P1;KDM1A;NGDN;IFNAR1;GMPS;CCDC59;TRIM55;ITM2B;PTMA;SAMD9L;ANGEL1;ASAH1;GABARAPL2;CCNI;RBMXL1;RP11-46C20.1;ANP32A;FANCC;MUS81;SNRPA;RQCD1;GMPSP1;DERA;TMEM86A;CDC25B;MAMDC4;MAN2B2;HNRNPD;ERVK13-1;H3F3B;HBS1L;DROSHA;PROSER1;SMC3;LRP10;BANF1;HNRNPU;ITPRIPL1;MT-ND3;EMD;HNRNPA3;CPEB4;HNRNPA1;FAM192A;RP11-244H3.1;CEP57;U2AF1;CREB1;CDKAL1;TCF12;LEPROT;ING3;PARVB;AC007620.3
IMR90_O2,IMR90,logistic_top,1,1,0.9748156350226831,WDR63;CNTLN;TBC1D10C;J01415.9;NRM;ATRN;TMEM59;CNN2;PSAP;NUP160;FANCE;TMCO6;SLC4A11;J01415.10;CCHCR1;HIST1H2AC;SF3A2;RAD51D;FOXRED1;NIPAL3;WDR67;TRA2B;HIST1H2BD;C15orf41;AC017099.3;PKN3;SEC24D;IDS;CWC22;RP11-89C21.2;HMGB2;EIF4EBP1;PRPF38A;TTI1;IDUA;EFCAB5;ITPRIP;RCC1;PFKP;TGOLN2;MAMDC2;RBM17;GRN;SAPCD2;BFSP1;FAM46B;CD46P1;KDM1A;NGDN;IFNAR1;GMPS;CCDC59;TRIM55;ITM2B;PTMA;SAMD9L;ANGEL1;ASAH1;GABARAPL2;CCNI;RBMXL1;RP11-46C20.1;ANP32A;FANCC;MUS81;SNRPA;RQCD1;GMPSP1;DERA;TMEM86A;CDC25B;MAMDC4;MAN2B2;HNRNPD;ERVK13-1;H3F3B;HBS1L;DROSHA;PROSER1;SMC3;LRP10;BANF1;HNRNPU;ITPRIPL1;MT-ND3;EMD;HNRNPA3;CPEB4;HNRNPA1;FAM192A;RP11-244H3.1;CEP57;U2AF1;CREB1;CDKAL1;TCF12;LEPROT;ING3;PARVB;AC007620.3
IMR90_O3,IMR90,logistic_top,1,1,0.9964738103915989,WDR63;CNTLN;TBC1D10C;J01415.9;NRM;ATRN;TMEM59;CNN2;PSAP;NUP160;FANCE;TMCO6;SLC4A11;J01415.10;CCHCR1;HIST1H2AC;SF3A2;RAD51D;FOXRED1;NIPAL3;WDR67;TRA2B;HIST1H2BD;C15orf41;AC017099.3;PKN3;SEC24D;IDS;CWC22;RP11-89C21.2;HMGB2;EIF4EBP1;PRPF38A;TTI1;IDUA;EFCAB5;ITPRIP;RCC1;PFKP;TGOLN2;MAMDC2;RBM17;GRN;SAPCD2;BFSP1;FAM46B;CD46P1;KDM1A;NGDN;IFNAR1;GMPS;CCDC59;TRIM55;ITM2B;PTMA;SAMD9L;ANGEL1;ASAH1;GABARAPL2;CCNI;RBMXL1;RP11-46C20.1;ANP32A;FANCC;MUS81;SNRPA;RQCD1;GMPSP1;DERA;TMEM86A;CDC25B;MAMDC4;MAN2B2;HNRNPD;ERVK13-1;H3F3B;HBS1L;DROSHA;PROSER1;SMC3;LRP10;BANF1;HNRNPU;ITPRIPL1;MT-ND3;EMD;HNRNPA3;CPEB4;HNRNPA1;FAM192A;RP11-244H3.1;CEP57;U2AF1;CREB1;CDKAL1;TCF12;LEPROT;ING3;PARVB;AC007620.3
IMR90_Y1,IMR90,logistic_all,0,0,1.881102843334893e-08,WDR63;CNTLN;TBC1D10C;J01415.9;NRM;ATRN;TMEM59;CNN2;PSAP;NUP160;FANCE;TMCO6;SLC4A11;J01415.10;CCHCR1;HIST1H2AC;SF3A2;RAD51D;FOXRED1;NIPAL3;WDR67;TRA2B;HIST1H2BD;C15orf41;AC017099.3;PKN3;SEC24D;IDS;CWC22;RP11-89C21.2;HMGB2;EIF4EBP1;PRPF38A;TTI1;IDUA;EFCAB5;ITPRIP;RCC1;PFKP;TGOLN2;MAMDC2;RBM17;GRN;SAPCD2;BFSP1;FAM46B;CD46P1;KDM1A;NGDN;IFNAR1;GMPS;CCDC59;TRIM55;ITM2B;PTMA;SAMD9L;ANGEL1;ASAH1;GABARAPL2;CCNI;RBMXL1;RP11-46C20.1;ANP32A;FANCC;MUS81;SNRPA;RQCD1;GMPSP1;DERA;TMEM86A;CDC25B;MAMDC4;MAN2B2;HNRNPD;ERVK13-1;H3F3B;HBS1L;DROSHA;PROSER1;SMC3;LRP10;BANF1;HNRNPU;ITPRIPL1;MT-ND3;EMD;HNRNPA3;CPEB4;HNRNPA1;FAM192A;RP11-244H3.1;CEP57;U2AF1;CREB1;CDKAL1;TCF12;LEPROT;ING3;PARVB;AC007620.3
IMR90_Y2,IMR90,logistic_all,0,0,1.8525507580290423e-07,WDR63;CNTLN;TBC1D10C;J01415.9;NRM;ATRN;TMEM59;CNN2;PSAP;NUP160;FANCE;TMCO6;SLC4A11;J01415.10;CCHCR1;HIST1H2AC;SF3A2;RAD51D;FOXRED1;NIPAL3;WDR67;TRA2B;HIST1H2BD;C15orf41;AC017099.3;PKN3;SEC24D;IDS;CWC22;RP11-89C21.2;HMGB2;EIF4EBP1;PRPF38A;TTI1;IDUA;EFCAB5;ITPRIP;RCC1;PFKP;TGOLN2;MAMDC2;RBM17;GRN;SAPCD2;BFSP1;FAM46B;CD46P1;KDM1A;NGDN;IFNAR1;GMPS;CCDC59;TRIM55;ITM2B;PTMA;SAMD9L;ANGEL1;ASAH1;GABARAPL2;CCNI;RBMXL1;RP11-46C20.1;ANP32A;FANCC;MUS81;SNRPA;RQCD1;GMPSP1;DERA;TMEM86A;CDC25B;MAMDC4;MAN2B2;HNRNPD;ERVK13-1;H3F3B;HBS1L;DROSHA;PROSER1;SMC3;LRP10;BANF1;HNRNPU;ITPRIPL1;MT-ND3;EMD;HNRNPA3;CPEB4;HNRNPA1;FAM192A;RP11-244H3.1;CEP57;U2AF1;CREB1;CDKAL1;TCF12;LEPROT;ING3;PARVB;AC007620.3
IMR90_Y3,IMR90,logistic_all,0,0,1.1329071776685986e-07,WDR63;CNTLN;TBC1D10C;J01415.9;NRM;ATRN;TMEM59;CNN2;PSAP;NUP160;FANCE;TMCO6;SLC4A11;J01415.10;CCHCR1;HIST1H2AC;SF3A2;RAD51D;FOXRED1;NIPAL3;WDR67;TRA2B;HIST1H2BD;C15orf41;AC017099.3;PKN3;SEC24D;IDS;CWC22;RP11-89C21.2;HMGB2;EIF4EBP1;PRPF38A;TTI1;IDUA;EFCAB5;ITPRIP;RCC1;PFKP;TGOLN2;MAMDC2;RBM17;GRN;SAPCD2;BFSP1;FAM46B;CD46P1;KDM1A;NGDN;IFNAR1;GMPS;CCDC59;TRIM55;ITM2B;PTMA;SAMD9L;ANGEL1;ASAH1;GABARAPL2;CCNI;RBMXL1;RP11-46C20.1;ANP32A;FANCC;MUS81;SNRPA;RQCD1;GMPSP1;DERA;TMEM86A;CDC25B;MAMDC4;MAN2B2;HNRNPD;ERVK13-1;H3F3B;HBS1L;DROSHA;PROSER1;SMC3;LRP10;BANF1;HNRNPU;ITPRIPL1;MT-ND3;EMD;HNRNPA3;CPEB4;HNRNPA1;FAM192A;RP11-244H3.1;CEP57;U2AF1;CREB1;CDKAL1;TCF12;LEPROT;ING3;PARVB;AC007620.3
IMR90_O1,IMR90,logistic_all,1,0,8.95371642464546e-08,WDR63;CNTLN;TBC1D10C;J01415.9;NRM;ATRN;TMEM59;CNN2;PSAP;NUP160;FANCE;TMCO6;SLC4A11;J01415.10;CCHCR1;HIST1H2AC;SF3A2;RAD51D;FOXRED1;NIPAL3;WDR67;TRA2B;HIST1H2BD;C15orf41;AC017099.3;PKN3;SEC24D;IDS;CWC22;RP11-89C21.2;HMGB2;EIF4EBP1;PRPF38A;TTI1;IDUA;EFCAB5;ITPRIP;RCC1;PFKP;TGOLN2;MAMDC2;RBM17;GRN;SAPCD2;BFSP1;FAM46B;CD46P1;KDM1A;NGDN;IFNAR1;GMPS;CCDC59;TRIM55;ITM2B;PTMA;SAMD9L;ANGEL1;ASAH1;GABARAPL2;CCNI;RBMXL1;RP11-46C20.1;ANP32A;FANCC;MUS81;SNRPA;RQCD1;GMPSP1;DERA;TMEM86A;CDC25B;MAMDC4;MAN2B2;HNRNPD;ERVK13-1;H3F3B;HBS1L;DROSHA;PROSER1;SMC3;LRP10;BANF1;HNRNPU;ITPRIPL1;MT-ND3;EMD;HNRNPA3;CPEB4;HNRNPA1;FAM192A;RP11-244H3.1;CEP57;U2AF1;CREB1;CDKAL1;TCF12;LEPROT;ING3;PARVB;AC007620.3
IMR90_O2,IMR90,logistic_all,1,1,0.9999992620067222,WDR63;CNTLN;TBC1D10C;J01415.9;NRM;ATRN;TMEM59;CNN2;PSAP;NUP160;FANCE;TMCO6;SLC4A11;J01415.10;CCHCR1;HIST1H2AC;SF3A2;RAD51D;FOXRED1;NIPAL3;WDR67;TRA2B;HIST1H2BD;C15orf41;AC017099.3;PKN3;SEC24D;IDS;CWC22;RP11-89C21.2;HMGB2;EIF4EBP1;PRPF38A;TTI1;IDUA;EFCAB5;ITPRIP;RCC1;PFKP;TGOLN2;MAMDC2;RBM17;GRN;SAPCD2;BFSP1;FAM46B;CD46P1;KDM1A;NGDN;IFNAR1;GMPS;CCDC59;TRIM55;ITM2B;PTMA;SAMD9L;ANGEL1;ASAH1;GABARAPL2;CCNI;RBMXL1;RP11-46C20.1;ANP32A;FANCC;MUS81;SNRPA;RQCD1;GMPSP1;DERA;TMEM86A;CDC25B;MAMDC4;MAN2B2;HNRNPD;ERVK13-1;H3F3B;HBS1L;DROSHA;PROSER1;SMC3;LRP10;BANF1;HNRNPU;ITPRIPL1;MT-ND3;EMD;HNRNPA3;CPEB4;HNRNPA1;FAM192A;RP11-244H3.1;CEP57;U2AF1;CREB1;CDKAL1;TCF12;LEPROT;ING3;PARVB;AC007620.3
IMR90_O3,IMR90,logistic_all,1,1,0.9999992966694145,WDR63;CNTLN;TBC1D10C;J01415.9;NRM;ATRN;TMEM59;CNN2;PSAP;NUP160;FANCE;TMCO6;SLC4A11;J01415.10;CCHCR1;HIST1H2AC;SF3A2;RAD51D;FOXRED1;NIPAL3;WDR67;TRA2B;HIST1H2BD;C15orf41;AC017099.3;PKN3;SEC24D;IDS;CWC22;RP11-89C21.2;HMGB2;EIF4EBP1;PRPF38A;TTI1;IDUA;EFCAB5;ITPRIP;RCC1;PFKP;TGOLN2;MAMDC2;RBM17;GRN;SAPCD2;BFSP1;FAM46B;CD46P1;KDM1A;NGDN;IFNAR1;GMPS;CCDC59;TRIM55;ITM2B;PTMA;SAMD9L;ANGEL1;ASAH1;GABARAPL2;CCNI;RBMXL1;RP11-46C20.1;ANP32A;FANCC;MUS81;SNRPA;RQCD1;GMPSP1;DERA;TMEM86A;CDC25B;MAMDC4;MAN2B2;HNRNPD;ERVK13-1;H3F3B;HBS1L;DROSHA;PROSER1;SMC3;LRP10;BANF1;HNRNPU;ITPRIPL1;MT-ND3;EMD;HNRNPA3;CPEB4;HNRNPA1;FAM192A;RP11-244H3.1;CEP57;U2AF1;CREB1;CDKAL1;TCF12;LEPROT;ING3;PARVB;AC007620.3
MRC_5_PD32_1,MRC5,dummy_majority,0,0,0.5,CD46P1;ZNF695;RP11-10O17.2;ACD;CDC5L;RNASEH2A;NCAPH2;ITM2B;RP5-991G20.4;RFC2;RPA1;PKMYT1;DCAF15;PAK4;FOXM1;MCM5;CCHCR1;PRTFDC1;IFNAR1;RP11-244H3.1;INCENP;RECQL4;ACTG1P10;NUP54;MCM2;OIP5;LMNB2;FANCE;NUDT1;GINS3;CDT1;FAM64A;PHF19;TGOLN2;ITPRIP;AUNIP;BANF1;VIM;SMPD4;RP11-9E13.4;IPO9;CHAF1B;MSH6;H2AFX;TK1;SPC24;PLK1;POLD1;RBMXL1;RP3-425P12.4;TCF7;RND3;CD46;CNTRL;NUP62;FANCG;RP11-83J16.3;CHAF1A;KIF20A;BCL2L12;MAGOH;NUP160;RFC5;NCAPD2;LIG1;BIRC5;CENPH;BANF1P3;RRM1;IMPDH1;PTBP1;NEIL3;FAM83D;BRCA1;CDKN3;ACTBP2;ATRN;RTTN;PSAP;SF3B4;MYBL2;RP11-424C20.2;CDCA4;MCM7;CDCA5;RP11-1H8.3;RP11-673C5.1;TIMELESS;CDC20;SLC11A2;ARHGDIA;NCAPG2;CDCA2;SEC24D;CENPW;COMMD4;SUMF1;RP11-64B16.2;MCM3;MTHFD1
MRC_5_PD32_2,MRC5,dummy_majority,0,0,0.5,CD46P1;ZNF695;RP11-10O17.2;ACD;CDC5L;RNASEH2A;NCAPH2;ITM2B;RP5-991G20.4;RFC2;RPA1;PKMYT1;DCAF15;PAK4;FOXM1;MCM5;CCHCR1;PRTFDC1;IFNAR1;RP11-244H3.1;INCENP;RECQL4;ACTG1P10;NUP54;MCM2;OIP5;LMNB2;FANCE;NUDT1;GINS3;CDT1;FAM64A;PHF19;TGOLN2;ITPRIP;AUNIP;BANF1;VIM;SMPD4;RP11-9E13.4;IPO9;CHAF1B;MSH6;H2AFX;TK1;SPC24;PLK1;POLD1;RBMXL1;RP3-425P12.4;TCF7;RND3;CD46;CNTRL;NUP62;FANCG;RP11-83J16.3;CHAF1A;KIF20A;BCL2L12;MAGOH;NUP160;RFC5;NCAPD2;LIG1;BIRC5;CENPH;BANF1P3;RRM1;IMPDH1;PTBP1;NEIL3;FAM83D;BRCA1;CDKN3;ACTBP2;ATRN;RTTN;PSAP;SF3B4;MYBL2;RP11-424C20.2;CDCA4;MCM7;CDCA5;RP11-1H8.3;RP11-673C5.1;TIMELESS;CDC20;SLC11A2;ARHGDIA;NCAPG2;CDCA2;SEC24D;CENPW;COMMD4;SUMF1;RP11-64B16.2;MCM3;MTHFD1
MRC_5_PD32_3,MRC5,dummy_majority,0,0,0.5,CD46P1;ZNF695;RP11-10O17.2;ACD;CDC5L;RNASEH2A;NCAPH2;ITM2B;RP5-991G20.4;RFC2;RPA1;PKMYT1;DCAF15;PAK4;FOXM1;MCM5;CCHCR1;PRTFDC1;IFNAR1;RP11-244H3.1;INCENP;RECQL4;ACTG1P10;NUP54;MCM2;OIP5;LMNB2;FANCE;NUDT1;GINS3;CDT1;FAM64A;PHF19;TGOLN2;ITPRIP;AUNIP;BANF1;VIM;SMPD4;RP11-9E13.4;IPO9;CHAF1B;MSH6;H2AFX;TK1;SPC24;PLK1;POLD1;RBMXL1;RP3-425P12.4;TCF7;RND3;CD46;CNTRL;NUP62;FANCG;RP11-83J16.3;CHAF1A;KIF20A;BCL2L12;MAGOH;NUP160;RFC5;NCAPD2;LIG1;BIRC5;CENPH;BANF1P3;RRM1;IMPDH1;PTBP1;NEIL3;FAM83D;BRCA1;CDKN3;ACTBP2;ATRN;RTTN;PSAP;SF3B4;MYBL2;RP11-424C20.2;CDCA4;MCM7;CDCA5;RP11-1H8.3;RP11-673C5.1;TIMELESS;CDC20;SLC11A2;ARHGDIA;NCAPG2;CDCA2;SEC24D;CENPW;COMMD4;SUMF1;RP11-64B16.2;MCM3;MTHFD1
MRC_5_PD72_1,MRC5,dummy_majority,1,0,0.5,CD46P1;ZNF695;RP11-10O17.2;ACD;CDC5L;RNASEH2A;NCAPH2;ITM2B;RP5-991G20.4;RFC2;RPA1;PKMYT1;DCAF15;PAK4;FOXM1;MCM5;CCHCR1;PRTFDC1;IFNAR1;RP11-244H3.1;INCENP;RECQL4;ACTG1P10;NUP54;MCM2;OIP5;LMNB2;FANCE;NUDT1;GINS3;CDT1;FAM64A;PHF19;TGOLN2;ITPRIP;AUNIP;BANF1;VIM;SMPD4;RP11-9E13.4;IPO9;CHAF1B;MSH6;H2AFX;TK1;SPC24;PLK1;POLD1;RBMXL1;RP3-425P12.4;TCF7;RND3;CD46;CNTRL;NUP62;FANCG;RP11-83J16.3;CHAF1A;KIF20A;BCL2L12;MAGOH;NUP160;RFC5;NCAPD2;LIG1;BIRC5;CENPH;BANF1P3;RRM1;IMPDH1;PTBP1;NEIL3;FAM83D;BRCA1;CDKN3;ACTBP2;ATRN;RTTN;PSAP;SF3B4;MYBL2;RP11-424C20.2;CDCA4;MCM7;CDCA5;RP11-1H8.3;RP11-673C5.1;TIMELESS;CDC20;SLC11A2;ARHGDIA;NCAPG2;CDCA2;SEC24D;CENPW;COMMD4;SUMF1;RP11-64B16.2;MCM3;MTHFD1
MRC_5_PD72_2,MRC5,dummy_majority,1,0,0.5,CD46P1;ZNF695;RP11-10O17.2;ACD;CDC5L;RNASEH2A;NCAPH2;ITM2B;RP5-991G20.4;RFC2;RPA1;PKMYT1;DCAF15;PAK4;FOXM1;MCM5;CCHCR1;PRTFDC1;IFNAR1;RP11-244H3.1;INCENP;RECQL4;ACTG1P10;NUP54;MCM2;OIP5;LMNB2;FANCE;NUDT1;GINS3;CDT1;FAM64A;PHF19;TGOLN2;ITPRIP;AUNIP;BANF1;VIM;SMPD4;RP11-9E13.4;IPO9;CHAF1B;MSH6;H2AFX;TK1;SPC24;PLK1;POLD1;RBMXL1;RP3-425P12.4;TCF7;RND3;CD46;CNTRL;NUP62;FANCG;RP11-83J16.3;CHAF1A;KIF20A;BCL2L12;MAGOH;NUP160;RFC5;NCAPD2;LIG1;BIRC5;CENPH;BANF1P3;RRM1;IMPDH1;PTBP1;NEIL3;FAM83D;BRCA1;CDKN3;ACTBP2;ATRN;RTTN;PSAP;SF3B4;MYBL2;RP11-424C20.2;CDCA4;MCM7;CDCA5;RP11-1H8.3;RP11-673C5.1;TIMELESS;CDC20;SLC11A2;ARHGDIA;NCAPG2;CDCA2;SEC24D;CENPW;COMMD4;SUMF1;RP11-64B16.2;MCM3;MTHFD1
MRC_5_PD72_3,MRC5,dummy_majority,1,0,0.5,CD46P1;ZNF695;RP11-10O17.2;ACD;CDC5L;RNASEH2A;NCAPH2;ITM2B;RP5-991G20.4;RFC2;RPA1;PKMYT1;DCAF15;PAK4;FOXM1;MCM5;CCHCR1;PRTFDC1;IFNAR1;RP11-244H3.1;INCENP;RECQL4;ACTG1P10;NUP54;MCM2;OIP5;LMNB2;FANCE;NUDT1;GINS3;CDT1;FAM64A;PHF19;TGOLN2;ITPRIP;AUNIP;BANF1;VIM;SMPD4;RP11-9E13.4;IPO9;CHAF1B;MSH6;H2AFX;TK1;SPC24;PLK1;POLD1;RBMXL1;RP3-425P12.4;TCF7;RND3;CD46;CNTRL;NUP62;FANCG;RP11-83J16.3;CHAF1A;KIF20A;BCL2L12;MAGOH;NUP160;RFC5;NCAPD2;LIG1;BIRC5;CENPH;BANF1P3;RRM1;IMPDH1;PTBP1;NEIL3;FAM83D;BRCA1;CDKN3;ACTBP2;ATRN;RTTN;PSAP;SF3B4;MYBL2;RP11-424C20.2;CDCA4;MCM7;CDCA5;RP11-1H8.3;RP11-673C5.1;TIMELESS;CDC20;SLC11A2;ARHGDIA;NCAPG2;CDCA2;SEC24D;CENPW;COMMD4;SUMF1;RP11-64B16.2;MCM3;MTHFD1
MRC_5_PD32_1,MRC5,nearest_centroid_top,0,0,0.0002725725521040531,CD46P1;ZNF695;RP11-10O17.2;ACD;CDC5L;RNASEH2A;NCAPH2;ITM2B;RP5-991G20.4;RFC2;RPA1;PKMYT1;DCAF15;PAK4;FOXM1;MCM5;CCHCR1;PRTFDC1;IFNAR1;RP11-244H3.1;INCENP;RECQL4;ACTG1P10;NUP54;MCM2;OIP5;LMNB2;FANCE;NUDT1;GINS3;CDT1;FAM64A;PHF19;TGOLN2;ITPRIP;AUNIP;BANF1;VIM;SMPD4;RP11-9E13.4;IPO9;CHAF1B;MSH6;H2AFX;TK1;SPC24;PLK1;POLD1;RBMXL1;RP3-425P12.4;TCF7;RND3;CD46;CNTRL;NUP62;FANCG;RP11-83J16.3;CHAF1A;KIF20A;BCL2L12;MAGOH;NUP160;RFC5;NCAPD2;LIG1;BIRC5;CENPH;BANF1P3;RRM1;IMPDH1;PTBP1;NEIL3;FAM83D;BRCA1;CDKN3;ACTBP2;ATRN;RTTN;PSAP;SF3B4;MYBL2;RP11-424C20.2;CDCA4;MCM7;CDCA5;RP11-1H8.3;RP11-673C5.1;TIMELESS;CDC20;SLC11A2;ARHGDIA;NCAPG2;CDCA2;SEC24D;CENPW;COMMD4;SUMF1;RP11-64B16.2;MCM3;MTHFD1
MRC_5_PD32_2,MRC5,nearest_centroid_top,0,1,1.0,CD46P1;ZNF695;RP11-10O17.2;ACD;CDC5L;RNASEH2A;NCAPH2;ITM2B;RP5-991G20.4;RFC2;RPA1;PKMYT1;DCAF15;PAK4;FOXM1;MCM5;CCHCR1;PRTFDC1;IFNAR1;RP11-244H3.1;INCENP;RECQL4;ACTG1P10;NUP54;MCM2;OIP5;LMNB2;FANCE;NUDT1;GINS3;CDT1;FAM64A;PHF19;TGOLN2;ITPRIP;AUNIP;BANF1;VIM;SMPD4;RP11-9E13.4;IPO9;CHAF1B;MSH6;H2AFX;TK1;SPC24;PLK1;POLD1;RBMXL1;RP3-425P12.4;TCF7;RND3;CD46;CNTRL;NUP62;FANCG;RP11-83J16.3;CHAF1A;KIF20A;BCL2L12;MAGOH;NUP160;RFC5;NCAPD2;LIG1;BIRC5;CENPH;BANF1P3;RRM1;IMPDH1;PTBP1;NEIL3;FAM83D;BRCA1;CDKN3;ACTBP2;ATRN;RTTN;PSAP;SF3B4;MYBL2;RP11-424C20.2;CDCA4;MCM7;CDCA5;RP11-1H8.3;RP11-673C5.1;TIMELESS;CDC20;SLC11A2;ARHGDIA;NCAPG2;CDCA2;SEC24D;CENPW;COMMD4;SUMF1;RP11-64B16.2;MCM3;MTHFD1
MRC_5_PD32_3,MRC5,nearest_centroid_top,0,0,1.6187007002161188e-08,CD46P1;ZNF695;RP11-10O17.2;ACD;CDC5L;RNASEH2A;NCAPH2;ITM2B;RP5-991G20.4;RFC2;RPA1;PKMYT1;DCAF15;PAK4;FOXM1;MCM5;CCHCR1;PRTFDC1;IFNAR1;RP11-244H3.1;INCENP;RECQL4;ACTG1P10;NUP54;MCM2;OIP5;LMNB2;FANCE;NUDT1;GINS3;CDT1;FAM64A;PHF19;TGOLN2;ITPRIP;AUNIP;BANF1;VIM;SMPD4;RP11-9E13.4;IPO9;CHAF1B;MSH6;H2AFX;TK1;SPC24;PLK1;POLD1;RBMXL1;RP3-425P12.4;TCF7;RND3;CD46;CNTRL;NUP62;FANCG;RP11-83J16.3;CHAF1A;KIF20A;BCL2L12;MAGOH;NUP160;RFC5;NCAPD2;LIG1;BIRC5;CENPH;BANF1P3;RRM1;IMPDH1;PTBP1;NEIL3;FAM83D;BRCA1;CDKN3;ACTBP2;ATRN;RTTN;PSAP;SF3B4;MYBL2;RP11-424C20.2;CDCA4;MCM7;CDCA5;RP11-1H8.3;RP11-673C5.1;TIMELESS;CDC20;SLC11A2;ARHGDIA;NCAPG2;CDCA2;SEC24D;CENPW;COMMD4;SUMF1;RP11-64B16.2;MCM3;MTHFD1
MRC_5_PD72_1,MRC5,nearest_centroid_top,1,1,1.0,CD46P1;ZNF695;RP11-10O17.2;ACD;CDC5L;RNASEH2A;NCAPH2;ITM2B;RP5-991G20.4;RFC2;RPA1;PKMYT1;DCAF15;PAK4;FOXM1;MCM5;CCHCR1;PRTFDC1;IFNAR1;RP11-244H3.1;INCENP;RECQL4;ACTG1P10;NUP54;MCM2;OIP5;LMNB2;FANCE;NUDT1;GINS3;CDT1;FAM64A;PHF19;TGOLN2;ITPRIP;AUNIP;BANF1;VIM;SMPD4;RP11-9E13.4;IPO9;CHAF1B;MSH6;H2AFX;TK1;SPC24;PLK1;POLD1;RBMXL1;RP3-425P12.4;TCF7;RND3;CD46;CNTRL;NUP62;FANCG;RP11-83J16.3;CHAF1A;KIF20A;BCL2L12;MAGOH;NUP160;RFC5;NCAPD2;LIG1;BIRC5;CENPH;BANF1P3;RRM1;IMPDH1;PTBP1;NEIL3;FAM83D;BRCA1;CDKN3;ACTBP2;ATRN;RTTN;PSAP;SF3B4;MYBL2;RP11-424C20.2;CDCA4;MCM7;CDCA5;RP11-1H8.3;RP11-673C5.1;TIMELESS;CDC20;SLC11A2;ARHGDIA;NCAPG2;CDCA2;SEC24D;CENPW;COMMD4;SUMF1;RP11-64B16.2;MCM3;MTHFD1
MRC_5_PD72_2,MRC5,nearest_centroid_top,1,1,1.0,CD46P1;ZNF695;RP11-10O17.2;ACD;CDC5L;RNASEH2A;NCAPH2;ITM2B;RP5-991G20.4;RFC2;RPA1;PKMYT1;DCAF15;PAK4;FOXM1;MCM5;CCHCR1;PRTFDC1;IFNAR1;RP11-244H3.1;INCENP;RECQL4;ACTG1P10;NUP54;MCM2;OIP5;LMNB2;FANCE;NUDT1;GINS3;CDT1;FAM64A;PHF19;TGOLN2;ITPRIP;AUNIP;BANF1;VIM;SMPD4;RP11-9E13.4;IPO9;CHAF1B;MSH6;H2AFX;TK1;SPC24;PLK1;POLD1;RBMXL1;RP3-425P12.4;TCF7;RND3;CD46;CNTRL;NUP62;FANCG;RP11-83J16.3;CHAF1A;KIF20A;BCL2L12;MAGOH;NUP160;RFC5;NCAPD2;LIG1;BIRC5;CENPH;BANF1P3;RRM1;IMPDH1;PTBP1;NEIL3;FAM83D;BRCA1;CDKN3;ACTBP2;ATRN;RTTN;PSAP;SF3B4;MYBL2;RP11-424C20.2;CDCA4;MCM7;CDCA5;RP11-1H8.3;RP11-673C5.1;TIMELESS;CDC20;SLC11A2;ARHGDIA;NCAPG2;CDCA2;SEC24D;CENPW;COMMD4;SUMF1;RP11-64B16.2;MCM3;MTHFD1
MRC_5_PD72_3,MRC5,nearest_centroid_top,1,1,1.0,CD46P1;ZNF695;RP11-10O17.2;ACD;CDC5L;RNASEH2A;NCAPH2;ITM2B;RP5-991G20.4;RFC2;RPA1;PKMYT1;DCAF15;PAK4;FOXM1;MCM5;CCHCR1;PRTFDC1;IFNAR1;RP11-244H3.1;INCENP;RECQL4;ACTG1P10;NUP54;MCM2;OIP5;LMNB2;FANCE;NUDT1;GINS3;CDT1;FAM64A;PHF19;TGOLN2;ITPRIP;AUNIP;BANF1;VIM;SMPD4;RP11-9E13.4;IPO9;CHAF1B;MSH6;H2AFX;TK1;SPC24;PLK1;POLD1;RBMXL1;RP3-425P12.4;TCF7;RND3;CD46;CNTRL;NUP62;FANCG;RP11-83J16.3;CHAF1A;KIF20A;BCL2L12;MAGOH;NUP160;RFC5;NCAPD2;LIG1;BIRC5;CENPH;BANF1P3;RRM1;IMPDH1;PTBP1;NEIL3;FAM83D;BRCA1;CDKN3;ACTBP2;ATRN;RTTN;PSAP;SF3B4;MYBL2;RP11-424C20.2;CDCA4;MCM7;CDCA5;RP11-1H8.3;RP11-673C5.1;TIMELESS;CDC20;SLC11A2;ARHGDIA;NCAPG2;CDCA2;SEC24D;CENPW;COMMD4;SUMF1;RP11-64B16.2;MCM3;MTHFD1
MRC_5_PD32_1,MRC5,linear_svm_top,0,0,-0.02792219517248397,CD46P1;ZNF695;RP11-10O17.2;ACD;CDC5L;RNASEH2A;NCAPH2;ITM2B;RP5-991G20.4;RFC2;RPA1;PKMYT1;DCAF15;PAK4;FOXM1;MCM5;CCHCR1;PRTFDC1;IFNAR1;RP11-244H3.1;INCENP;RECQL4;ACTG1P10;NUP54;MCM2;OIP5;LMNB2;FANCE;NUDT1;GINS3;CDT1;FAM64A;PHF19;TGOLN2;ITPRIP;AUNIP;BANF1;VIM;SMPD4;RP11-9E13.4;IPO9;CHAF1B;MSH6;H2AFX;TK1;SPC24;PLK1;POLD1;RBMXL1;RP3-425P12.4;TCF7;RND3;CD46;CNTRL;NUP62;FANCG;RP11-83J16.3;CHAF1A;KIF20A;BCL2L12;MAGOH;NUP160;RFC5;NCAPD2;LIG1;BIRC5;CENPH;BANF1P3;RRM1;IMPDH1;PTBP1;NEIL3;FAM83D;BRCA1;CDKN3;ACTBP2;ATRN;RTTN;PSAP;SF3B4;MYBL2;RP11-424C20.2;CDCA4;MCM7;CDCA5;RP11-1H8.3;RP11-673C5.1;TIMELESS;CDC20;SLC11A2;ARHGDIA;NCAPG2;CDCA2;SEC24D;CENPW;COMMD4;SUMF1;RP11-64B16.2;MCM3;MTHFD1
MRC_5_PD32_2,MRC5,linear_svm_top,0,0,-0.48721989558515166,CD46P1;ZNF695;RP11-10O17.2;ACD;CDC5L;RNASEH2A;NCAPH2;ITM2B;RP5-991G20.4;RFC2;RPA1;PKMYT1;DCAF15;PAK4;FOXM1;MCM5;CCHCR1;PRTFDC1;IFNAR1;RP11-244H3.1;INCENP;RECQL4;ACTG1P10;NUP54;MCM2;OIP5;LMNB2;FANCE;NUDT1;GINS3;CDT1;FAM64A;PHF19;TGOLN2;ITPRIP;AUNIP;BANF1;VIM;SMPD4;RP11-9E13.4;IPO9;CHAF1B;MSH6;H2AFX;TK1;SPC24;PLK1;POLD1;RBMXL1;RP3-425P12.4;TCF7;RND3;CD46;CNTRL;NUP62;FANCG;RP11-83J16.3;CHAF1A;KIF20A;BCL2L12;MAGOH;NUP160;RFC5;NCAPD2;LIG1;BIRC5;CENPH;BANF1P3;RRM1;IMPDH1;PTBP1;NEIL3;FAM83D;BRCA1;CDKN3;ACTBP2;ATRN;RTTN;PSAP;SF3B4;MYBL2;RP11-424C20.2;CDCA4;MCM7;CDCA5;RP11-1H8.3;RP11-673C5.1;TIMELESS;CDC20;SLC11A2;ARHGDIA;NCAPG2;CDCA2;SEC24D;CENPW;COMMD4;SUMF1;RP11-64B16.2;MCM3;MTHFD1
MRC_5_PD32_3,MRC5,linear_svm_top,0,0,-0.38674183990644023,CD46P1;ZNF695;RP11-10O17.2;ACD;CDC5L;RNASEH2A;NCAPH2;ITM2B;RP5-991G20.4;RFC2;RPA1;PKMYT1;DCAF15;PAK4;FOXM1;MCM5;CCHCR1;PRTFDC1;IFNAR1;RP11-244H3.1;INCENP;RECQL4;ACTG1P10;NUP54;MCM2;OIP5;LMNB2;FANCE;NUDT1;GINS3;CDT1;FAM64A;PHF19;TGOLN2;ITPRIP;AUNIP;BANF1;VIM;SMPD4;RP11-9E13.4;IPO9;CHAF1B;MSH6;H2AFX;TK1;SPC24;PLK1;POLD1;RBMXL1;RP3-425P12.4;TCF7;RND3;CD46;CNTRL;NUP62;FANCG;RP11-83J16.3;CHAF1A;KIF20A;BCL2L12;MAGOH;NUP160;RFC5;NCAPD2;LIG1;BIRC5;CENPH;BANF1P3;RRM1;IMPDH1;PTBP1;NEIL3;FAM83D;BRCA1;CDKN3;ACTBP2;ATRN;RTTN;PSAP;SF3B4;MYBL2;RP11-424C20.2;CDCA4;MCM7;CDCA5;RP11-1H8.3;RP11-673C5.1;TIMELESS;CDC20;SLC11A2;ARHGDIA;NCAPG2;CDCA2;SEC24D;CENPW;COMMD4;SUMF1;RP11-64B16.2;MCM3;MTHFD1
MRC_5_PD72_1,MRC5,linear_svm_top,1,1,0.7969646183126262,CD46P1;ZNF695;RP11-10O17.2;ACD;CDC5L;RNASEH2A;NCAPH2;ITM2B;RP5-991G20.4;RFC2;RPA1;PKMYT1;DCAF15;PAK4;FOXM1;MCM5;CCHCR1;PRTFDC1;IFNAR1;RP11-244H3.1;INCENP;RECQL4;ACTG1P10;NUP54;MCM2;OIP5;LMNB2;FANCE;NUDT1;GINS3;CDT1;FAM64A;PHF19;TGOLN2;ITPRIP;AUNIP;BANF1;VIM;SMPD4;RP11-9E13.4;IPO9;CHAF1B;MSH6;H2AFX;TK1;SPC24;PLK1;POLD1;RBMXL1;RP3-425P12.4;TCF7;RND3;CD46;CNTRL;NUP62;FANCG;RP11-83J16.3;CHAF1A;KIF20A;BCL2L12;MAGOH;NUP160;RFC5;NCAPD2;LIG1;BIRC5;CENPH;BANF1P3;RRM1;IMPDH1;PTBP1;NEIL3;FAM83D;BRCA1;CDKN3;ACTBP2;ATRN;RTTN;PSAP;SF3B4;MYBL2;RP11-424C20.2;CDCA4;MCM7;CDCA5;RP11-1H8.3;RP11-673C5.1;TIMELESS;CDC20;SLC11A2;ARHGDIA;NCAPG2;CDCA2;SEC24D;CENPW;COMMD4;SUMF1;RP11-64B16.2;MCM3;MTHFD1
MRC_5_PD72_2,MRC5,linear_svm_top,1,1,1.0724383613396147,CD46P1;ZNF695;RP11-10O17.2;ACD;CDC5L;RNASEH2A;NCAPH2;ITM2B;RP5-991G20.4;RFC2;RPA1;PKMYT1;DCAF15;PAK4;FOXM1;MCM5;CCHCR1;PRTFDC1;IFNAR1;RP11-244H3.1;INCENP;RECQL4;ACTG1P10;NUP54;MCM2;OIP5;LMNB2;FANCE;NUDT1;GINS3;CDT1;FAM64A;PHF19;TGOLN2;ITPRIP;AUNIP;BANF1;VIM;SMPD4;RP11-9E13.4;IPO9;CHAF1B;MSH6;H2AFX;TK1;SPC24;PLK1;POLD1;RBMXL1;RP3-425P12.4;TCF7;RND3;CD46;CNTRL;NUP62;FANCG;RP11-83J16.3;CHAF1A;KIF20A;BCL2L12;MAGOH;NUP160;RFC5;NCAPD2;LIG1;BIRC5;CENPH;BANF1P3;RRM1;IMPDH1;PTBP1;NEIL3;FAM83D;BRCA1;CDKN3;ACTBP2;ATRN;RTTN;PSAP;SF3B4;MYBL2;RP11-424C20.2;CDCA4;MCM7;CDCA5;RP11-1H8.3;RP11-673C5.1;TIMELESS;CDC20;SLC11A2;ARHGDIA;NCAPG2;CDCA2;SEC24D;CENPW;COMMD4;SUMF1;RP11-64B16.2;MCM3;MTHFD1
MRC_5_PD72_3,MRC5,linear_svm_top,1,1,1.0586386451348515,CD46P1;ZNF695;RP11-10O17.2;ACD;CDC5L;RNASEH2A;NCAPH2;ITM2B;RP5-991G20.4;RFC2;RPA1;PKMYT1;DCAF15;PAK4;FOXM1;MCM5;CCHCR1;PRTFDC1;IFNAR1;RP11-244H3.1;INCENP;RECQL4;ACTG1P10;NUP54;MCM2;OIP5;LMNB2;FANCE;NUDT1;GINS3;CDT1;FAM64A;PHF19;TGOLN2;ITPRIP;AUNIP;BANF1;VIM;SMPD4;RP11-9E13.4;IPO9;CHAF1B;MSH6;H2AFX;TK1;SPC24;PLK1;POLD1;RBMXL1;RP3-425P12.4;TCF7;RND3;CD46;CNTRL;NUP62;FANCG;RP11-83J16.3;CHAF1A;KIF20A;BCL2L12;MAGOH;NUP160;RFC5;NCAPD2;LIG1;BIRC5;CENPH;BANF1P3;RRM1;IMPDH1;PTBP1;NEIL3;FAM83D;BRCA1;CDKN3;ACTBP2;ATRN;RTTN;PSAP;SF3B4;MYBL2;RP11-424C20.2;CDCA4;MCM7;CDCA5;RP11-1H8.3;RP11-673C5.1;TIMELESS;CDC20;SLC11A2;ARHGDIA;NCAPG2;CDCA2;SEC24D;CENPW;COMMD4;SUMF1;RP11-64B16.2;MCM3;MTHFD1
MRC_5_PD32_1,MRC5,logistic_top,0,1,0.8978490330469061,CD46P1;ZNF695;RP11-10O17.2;ACD;CDC5L;RNASEH2A;NCAPH2;ITM2B;RP5-991G20.4;RFC2;RPA1;PKMYT1;DCAF15;PAK4;FOXM1;MCM5;CCHCR1;PRTFDC1;IFNAR1;RP11-244H3.1;INCENP;RECQL4;ACTG1P10;NUP54;MCM2;OIP5;LMNB2;FANCE;NUDT1;GINS3;CDT1;FAM64A;PHF19;TGOLN2;ITPRIP;AUNIP;BANF1;VIM;SMPD4;RP11-9E13.4;IPO9;CHAF1B;MSH6;H2AFX;TK1;SPC24;PLK1;POLD1;RBMXL1;RP3-425P12.4;TCF7;RND3;CD46;CNTRL;NUP62;FANCG;RP11-83J16.3;CHAF1A;KIF20A;BCL2L12;MAGOH;NUP160;RFC5;NCAPD2;LIG1;BIRC5;CENPH;BANF1P3;RRM1;IMPDH1;PTBP1;NEIL3;FAM83D;BRCA1;CDKN3;ACTBP2;ATRN;RTTN;PSAP;SF3B4;MYBL2;RP11-424C20.2;CDCA4;MCM7;CDCA5;RP11-1H8.3;RP11-673C5.1;TIMELESS;CDC20;SLC11A2;ARHGDIA;NCAPG2;CDCA2;SEC24D;CENPW;COMMD4;SUMF1;RP11-64B16.2;MCM3;MTHFD1
MRC_5_PD32_2,MRC5,logistic_top,0,1,0.8691601095195327,CD46P1;ZNF695;RP11-10O17.2;ACD;CDC5L;RNASEH2A;NCAPH2;ITM2B;RP5-991G20.4;RFC2;RPA1;PKMYT1;DCAF15;PAK4;FOXM1;MCM5;CCHCR1;PRTFDC1;IFNAR1;RP11-244H3.1;INCENP;RECQL4;ACTG1P10;NUP54;MCM2;OIP5;LMNB2;FANCE;NUDT1;GINS3;CDT1;FAM64A;PHF19;TGOLN2;ITPRIP;AUNIP;BANF1;VIM;SMPD4;RP11-9E13.4;IPO9;CHAF1B;MSH6;H2AFX;TK1;SPC24;PLK1;POLD1;RBMXL1;RP3-425P12.4;TCF7;RND3;CD46;CNTRL;NUP62;FANCG;RP11-83J16.3;CHAF1A;KIF20A;BCL2L12;MAGOH;NUP160;RFC5;NCAPD2;LIG1;BIRC5;CENPH;BANF1P3;RRM1;IMPDH1;PTBP1;NEIL3;FAM83D;BRCA1;CDKN3;ACTBP2;ATRN;RTTN;PSAP;SF3B4;MYBL2;RP11-424C20.2;CDCA4;MCM7;CDCA5;RP11-1H8.3;RP11-673C5.1;TIMELESS;CDC20;SLC11A2;ARHGDIA;NCAPG2;CDCA2;SEC24D;CENPW;COMMD4;SUMF1;RP11-64B16.2;MCM3;MTHFD1
MRC_5_PD32_3,MRC5,logistic_top,0,1,0.8496434245395665,CD46P1;ZNF695;RP11-10O17.2;ACD;CDC5L;RNASEH2A;NCAPH2;ITM2B;RP5-991G20.4;RFC2;RPA1;PKMYT1;DCAF15;PAK4;FOXM1;MCM5;CCHCR1;PRTFDC1;IFNAR1;RP11-244H3.1;INCENP;RECQL4;ACTG1P10;NUP54;MCM2;OIP5;LMNB2;FANCE;NUDT1;GINS3;CDT1;FAM64A;PHF19;TGOLN2;ITPRIP;AUNIP;BANF1;VIM;SMPD4;RP11-9E13.4;IPO9;CHAF1B;MSH6;H2AFX;TK1;SPC24;PLK1;POLD1;RBMXL1;RP3-425P12.4;TCF7;RND3;CD46;CNTRL;NUP62;FANCG;RP11-83J16.3;CHAF1A;KIF20A;BCL2L12;MAGOH;NUP160;RFC5;NCAPD2;LIG1;BIRC5;CENPH;BANF1P3;RRM1;IMPDH1;PTBP1;NEIL3;FAM83D;BRCA1;CDKN3;ACTBP2;ATRN;RTTN;PSAP;SF3B4;MYBL2;RP11-424C20.2;CDCA4;MCM7;CDCA5;RP11-1H8.3;RP11-673C5.1;TIMELESS;CDC20;SLC11A2;ARHGDIA;NCAPG2;CDCA2;SEC24D;CENPW;COMMD4;SUMF1;RP11-64B16.2;MCM3;MTHFD1
MRC_5_PD72_1,MRC5,logistic_top,1,1,0.9996074616034566,CD46P1;ZNF695;RP11-10O17.2;ACD;CDC5L;RNASEH2A;NCAPH2;ITM2B;RP5-991G20.4;RFC2;RPA1;PKMYT1;DCAF15;PAK4;FOXM1;MCM5;CCHCR1;PRTFDC1;IFNAR1;RP11-244H3.1;INCENP;RECQL4;ACTG1P10;NUP54;MCM2;OIP5;LMNB2;FANCE;NUDT1;GINS3;CDT1;FAM64A;PHF19;TGOLN2;ITPRIP;AUNIP;BANF1;VIM;SMPD4;RP11-9E13.4;IPO9;CHAF1B;MSH6;H2AFX;TK1;SPC24;PLK1;POLD1;RBMXL1;RP3-425P12.4;TCF7;RND3;CD46;CNTRL;NUP62;FANCG;RP11-83J16.3;CHAF1A;KIF20A;BCL2L12;MAGOH;NUP160;RFC5;NCAPD2;LIG1;BIRC5;CENPH;BANF1P3;RRM1;IMPDH1;PTBP1;NEIL3;FAM83D;BRCA1;CDKN3;ACTBP2;ATRN;RTTN;PSAP;SF3B4;MYBL2;RP11-424C20.2;CDCA4;MCM7;CDCA5;RP11-1H8.3;RP11-673C5.1;TIMELESS;CDC20;SLC11A2;ARHGDIA;NCAPG2;CDCA2;SEC24D;CENPW;COMMD4;SUMF1;RP11-64B16.2;MCM3;MTHFD1
MRC_5_PD72_2,MRC5,logistic_top,1,1,0.9996867501068982,CD46P1;ZNF695;RP11-10O17.2;ACD;CDC5L;RNASEH2A;NCAPH2;ITM2B;RP5-991G20.4;RFC2;RPA1;PKMYT1;DCAF15;PAK4;FOXM1;MCM5;CCHCR1;PRTFDC1;IFNAR1;RP11-244H3.1;INCENP;RECQL4;ACTG1P10;NUP54;MCM2;OIP5;LMNB2;FANCE;NUDT1;GINS3;CDT1;FAM64A;PHF19;TGOLN2;ITPRIP;AUNIP;BANF1;VIM;SMPD4;RP11-9E13.4;IPO9;CHAF1B;MSH6;H2AFX;TK1;SPC24;PLK1;POLD1;RBMXL1;RP3-425P12.4;TCF7;RND3;CD46;CNTRL;NUP62;FANCG;RP11-83J16.3;CHAF1A;KIF20A;BCL2L12;MAGOH;NUP160;RFC5;NCAPD2;LIG1;BIRC5;CENPH;BANF1P3;RRM1;IMPDH1;PTBP1;NEIL3;FAM83D;BRCA1;CDKN3;ACTBP2;ATRN;RTTN;PSAP;SF3B4;MYBL2;RP11-424C20.2;CDCA4;MCM7;CDCA5;RP11-1H8.3;RP11-673C5.1;TIMELESS;CDC20;SLC11A2;ARHGDIA;NCAPG2;CDCA2;SEC24D;CENPW;COMMD4;SUMF1;RP11-64B16.2;MCM3;MTHFD1
MRC_5_PD72_3,MRC5,logistic_top,1,1,0.9997481219052713,CD46P1;ZNF695;RP11-10O17.2;ACD;CDC5L;RNASEH2A;NCAPH2;ITM2B;RP5-991G20.4;RFC2;RPA1;PKMYT1;DCAF15;PAK4;FOXM1;MCM5;CCHCR1;PRTFDC1;IFNAR1;RP11-244H3.1;INCENP;RECQL4;ACTG1P10;NUP54;MCM2;OIP5;LMNB2;FANCE;NUDT1;GINS3;CDT1;FAM64A;PHF19;TGOLN2;ITPRIP;AUNIP;BANF1;VIM;SMPD4;RP11-9E13.4;IPO9;CHAF1B;MSH6;H2AFX;TK1;SPC24;PLK1;POLD1;RBMXL1;RP3-425P12.4;TCF7;RND3;CD46;CNTRL;NUP62;FANCG;RP11-83J16.3;CHAF1A;KIF20A;BCL2L12;MAGOH;NUP160;RFC5;NCAPD2;LIG1;BIRC5;CENPH;BANF1P3;RRM1;IMPDH1;PTBP1;NEIL3;FAM83D;BRCA1;CDKN3;ACTBP2;ATRN;RTTN;PSAP;SF3B4;MYBL2;RP11-424C20.2;CDCA4;MCM7;CDCA5;RP11-1H8.3;RP11-673C5.1;TIMELESS;CDC20;SLC11A2;ARHGDIA;NCAPG2;CDCA2;SEC24D;CENPW;COMMD4;SUMF1;RP11-64B16.2;MCM3;MTHFD1
MRC_5_PD32_1,MRC5,logistic_all,0,0,0.06376938614702182,CD46P1;ZNF695;RP11-10O17.2;ACD;CDC5L;RNASEH2A;NCAPH2;ITM2B;RP5-991G20.4;RFC2;RPA1;PKMYT1;DCAF15;PAK4;FOXM1;MCM5;CCHCR1;PRTFDC1;IFNAR1;RP11-244H3.1;INCENP;RECQL4;ACTG1P10;NUP54;MCM2;OIP5;LMNB2;FANCE;NUDT1;GINS3;CDT1;FAM64A;PHF19;TGOLN2;ITPRIP;AUNIP;BANF1;VIM;SMPD4;RP11-9E13.4;IPO9;CHAF1B;MSH6;H2AFX;TK1;SPC24;PLK1;POLD1;RBMXL1;RP3-425P12.4;TCF7;RND3;CD46;CNTRL;NUP62;FANCG;RP11-83J16.3;CHAF1A;KIF20A;BCL2L12;MAGOH;NUP160;RFC5;NCAPD2;LIG1;BIRC5;CENPH;BANF1P3;RRM1;IMPDH1;PTBP1;NEIL3;FAM83D;BRCA1;CDKN3;ACTBP2;ATRN;RTTN;PSAP;SF3B4;MYBL2;RP11-424C20.2;CDCA4;MCM7;CDCA5;RP11-1H8.3;RP11-673C5.1;TIMELESS;CDC20;SLC11A2;ARHGDIA;NCAPG2;CDCA2;SEC24D;CENPW;COMMD4;SUMF1;RP11-64B16.2;MCM3;MTHFD1
MRC_5_PD32_2,MRC5,logistic_all,0,0,0.03167281445921976,CD46P1;ZNF695;RP11-10O17.2;ACD;CDC5L;RNASEH2A;NCAPH2;ITM2B;RP5-991G20.4;RFC2;RPA1;PKMYT1;DCAF15;PAK4;FOXM1;MCM5;CCHCR1;PRTFDC1;IFNAR1;RP11-244H3.1;INCENP;RECQL4;ACTG1P10;NUP54;MCM2;OIP5;LMNB2;FANCE;NUDT1;GINS3;CDT1;FAM64A;PHF19;TGOLN2;ITPRIP;AUNIP;BANF1;VIM;SMPD4;RP11-9E13.4;IPO9;CHAF1B;MSH6;H2AFX;TK1;SPC24;PLK1;POLD1;RBMXL1;RP3-425P12.4;TCF7;RND3;CD46;CNTRL;NUP62;FANCG;RP11-83J16.3;CHAF1A;KIF20A;BCL2L12;MAGOH;NUP160;RFC5;NCAPD2;LIG1;BIRC5;CENPH;BANF1P3;RRM1;IMPDH1;PTBP1;NEIL3;FAM83D;BRCA1;CDKN3;ACTBP2;ATRN;RTTN;PSAP;SF3B4;MYBL2;RP11-424C20.2;CDCA4;MCM7;CDCA5;RP11-1H8.3;RP11-673C5.1;TIMELESS;CDC20;SLC11A2;ARHGDIA;NCAPG2;CDCA2;SEC24D;CENPW;COMMD4;SUMF1;RP11-64B16.2;MCM3;MTHFD1
MRC_5_PD32_3,MRC5,logistic_all,0,0,0.04121825517091389,CD46P1;ZNF695;RP11-10O17.2;ACD;CDC5L;RNASEH2A;NCAPH2;ITM2B;RP5-991G20.4;RFC2;RPA1;PKMYT1;DCAF15;PAK4;FOXM1;MCM5;CCHCR1;PRTFDC1;IFNAR1;RP11-244H3.1;INCENP;RECQL4;ACTG1P10;NUP54;MCM2;OIP5;LMNB2;FANCE;NUDT1;GINS3;CDT1;FAM64A;PHF19;TGOLN2;ITPRIP;AUNIP;BANF1;VIM;SMPD4;RP11-9E13.4;IPO9;CHAF1B;MSH6;H2AFX;TK1;SPC24;PLK1;POLD1;RBMXL1;RP3-425P12.4;TCF7;RND3;CD46;CNTRL;NUP62;FANCG;RP11-83J16.3;CHAF1A;KIF20A;BCL2L12;MAGOH;NUP160;RFC5;NCAPD2;LIG1;BIRC5;CENPH;BANF1P3;RRM1;IMPDH1;PTBP1;NEIL3;FAM83D;BRCA1;CDKN3;ACTBP2;ATRN;RTTN;PSAP;SF3B4;MYBL2;RP11-424C20.2;CDCA4;MCM7;CDCA5;RP11-1H8.3;RP11-673C5.1;TIMELESS;CDC20;SLC11A2;ARHGDIA;NCAPG2;CDCA2;SEC24D;CENPW;COMMD4;SUMF1;RP11-64B16.2;MCM3;MTHFD1
MRC_5_PD72_1,MRC5,logistic_all,1,1,0.9682985952486675,CD46P1;ZNF695;RP11-10O17.2;ACD;CDC5L;RNASEH2A;NCAPH2;ITM2B;RP5-991G20.4;RFC2;RPA1;PKMYT1;DCAF15;PAK4;FOXM1;MCM5;CCHCR1;PRTFDC1;IFNAR1;RP11-244H3.1;INCENP;RECQL4;ACTG1P10;NUP54;MCM2;OIP5;LMNB2;FANCE;NUDT1;GINS3;CDT1;FAM64A;PHF19;TGOLN2;ITPRIP;AUNIP;BANF1;VIM;SMPD4;RP11-9E13.4;IPO9;CHAF1B;MSH6;H2AFX;TK1;SPC24;PLK1;POLD1;RBMXL1;RP3-425P12.4;TCF7;RND3;CD46;CNTRL;NUP62;FANCG;RP11-83J16.3;CHAF1A;KIF20A;BCL2L12;MAGOH;NUP160;RFC5;NCAPD2;LIG1;BIRC5;CENPH;BANF1P3;RRM1;IMPDH1;PTBP1;NEIL3;FAM83D;BRCA1;CDKN3;ACTBP2;ATRN;RTTN;PSAP;SF3B4;MYBL2;RP11-424C20.2;CDCA4;MCM7;CDCA5;RP11-1H8.3;RP11-673C5.1;TIMELESS;CDC20;SLC11A2;ARHGDIA;NCAPG2;CDCA2;SEC24D;CENPW;COMMD4;SUMF1;RP11-64B16.2;MCM3;MTHFD1
MRC_5_PD72_2,MRC5,logistic_all,1,1,0.977955009611961,CD46P1;ZNF695;RP11-10O17.2;ACD;CDC5L;RNASEH2A;NCAPH2;ITM2B;RP5-991G20.4;RFC2;RPA1;PKMYT1;DCAF15;PAK4;FOXM1;MCM5;CCHCR1;PRTFDC1;IFNAR1;RP11-244H3.1;INCENP;RECQL4;ACTG1P10;NUP54;MCM2;OIP5;LMNB2;FANCE;NUDT1;GINS3;CDT1;FAM64A;PHF19;TGOLN2;ITPRIP;AUNIP;BANF1;VIM;SMPD4;RP11-9E13.4;IPO9;CHAF1B;MSH6;H2AFX;TK1;SPC24;PLK1;POLD1;RBMXL1;RP3-425P12.4;TCF7;RND3;CD46;CNTRL;NUP62;FANCG;RP11-83J16.3;CHAF1A;KIF20A;BCL2L12;MAGOH;NUP160;RFC5;NCAPD2;LIG1;BIRC5;CENPH;BANF1P3;RRM1;IMPDH1;PTBP1;NEIL3;FAM83D;BRCA1;CDKN3;ACTBP2;ATRN;RTTN;PSAP;SF3B4;MYBL2;RP11-424C20.2;CDCA4;MCM7;CDCA5;RP11-1H8.3;RP11-673C5.1;TIMELESS;CDC20;SLC11A2;ARHGDIA;NCAPG2;CDCA2;SEC24D;CENPW;COMMD4;SUMF1;RP11-64B16.2;MCM3;MTHFD1
MRC_5_PD72_3,MRC5,logistic_all,1,1,0.984787796280663,CD46P1;ZNF695;RP11-10O17.2;ACD;CDC5L;RNASEH2A;NCAPH2;ITM2B;RP5-991G20.4;RFC2;RPA1;PKMYT1;DCAF15;PAK4;FOXM1;MCM5;CCHCR1;PRTFDC1;IFNAR1;RP11-244H3.1;INCENP;RECQL4;ACTG1P10;NUP54;MCM2;OIP5;LMNB2;FANCE;NUDT1;GINS3;CDT1;FAM64A;PHF19;TGOLN2;ITPRIP;AUNIP;BANF1;VIM;SMPD4;RP11-9E13.4;IPO9;CHAF1B;MSH6;H2AFX;TK1;SPC24;PLK1;POLD1;RBMXL1;RP3-425P12.4;TCF7;RND3;CD46;CNTRL;NUP62;FANCG;RP11-83J16.3;CHAF1A;KIF20A;BCL2L12;MAGOH;NUP160;RFC5;NCAPD2;LIG1;BIRC5;CENPH;BANF1P3;RRM1;IMPDH1;PTBP1;NEIL3;FAM83D;BRCA1;CDKN3;ACTBP2;ATRN;RTTN;PSAP;SF3B4;MYBL2;RP11-424C20.2;CDCA4;MCM7;CDCA5;RP11-1H8.3;RP11-673C5.1;TIMELESS;CDC20;SLC11A2;ARHGDIA;NCAPG2;CDCA2;SEC24D;CENPW;COMMD4;SUMF1;RP11-64B16.2;MCM3;MTHFD1
WI_38_Y1,WI38,dummy_majority,0,0,0.5,CD46P1;CCHCR1;FANCE;HIST1H2BK;TGOLN2;RP11-9E13.4;RBMXL1;CLCC1;ATRN;ITPRIP;IFNAR1;TRIM55;CAV2;CDC25B;NUP160;FCGR1A;SEC62;HIST1H2AC;RP11-244H3.1;TM9SF3;AC064836.3;HIST1H2BJ;AC017099.3;GABARAPL2;TMEM59;CCDC61;AK3;ITM2B;FES;MFSD11;SEC24D;TMEM9B;TAF6;POC1B;HIST1H2BD;ZNF695;PARVB;ITPRIPL1;CNN2;POMGNT1;PSAP;PAK4;EMD;TRA2B;GMPSP1;HIPK3;RP11-46C20.1;GNE;PECR;ASAH1;HIST1H2BG;AXL;TM2D1;SF3A2;DNAJB14;MED27;ANKRD36B;RCC1;PLEKHH3;WDR63;BANF1;CNTLN;CD46;ABCA3;ADCY7;PCDHB9;DNAJC8;HIST1H2BC;AC139103.1;RDBP;FBL;NUDT1;HNRNPUL1;HNRNPA1;COL27A1;IDS;SRSF3;H2BFS;MRPS11;IDUA;RP11-673C5.1;ZC3HC1;GPR155;SNRPA;ACTG1P10;MRPL37;CHURC1;SLC35F5;CHPF;EPHA1;PTMA;PHB2;PKN3;HNRNPM;GALNT3;SNORA48;TMCO3;RP11-392O18.1;HNRNPU;GMPS
WI_38_Y2,WI38,dummy_majority,0,0,0.5,CD46P1;CCHCR1;FANCE;HIST1H2BK;TGOLN2;RP11-9E13.4;RBMXL1;CLCC1;ATRN;ITPRIP;IFNAR1;TRIM55;CAV2;CDC25B;NUP160;FCGR1A;SEC62;HIST1H2AC;RP11-244H3.1;TM9SF3;AC064836.3;HIST1H2BJ;AC017099.3;GABARAPL2;TMEM59;CCDC61;AK3;ITM2B;FES;MFSD11;SEC24D;TMEM9B;TAF6;POC1B;HIST1H2BD;ZNF695;PARVB;ITPRIPL1;CNN2;POMGNT1;PSAP;PAK4;EMD;TRA2B;GMPSP1;HIPK3;RP11-46C20.1;GNE;PECR;ASAH1;HIST1H2BG;AXL;TM2D1;SF3A2;DNAJB14;MED27;ANKRD36B;RCC1;PLEKHH3;WDR63;BANF1;CNTLN;CD46;ABCA3;ADCY7;PCDHB9;DNAJC8;HIST1H2BC;AC139103.1;RDBP;FBL;NUDT1;HNRNPUL1;HNRNPA1;COL27A1;IDS;SRSF3;H2BFS;MRPS11;IDUA;RP11-673C5.1;ZC3HC1;GPR155;SNRPA;ACTG1P10;MRPL37;CHURC1;SLC35F5;CHPF;EPHA1;PTMA;PHB2;PKN3;HNRNPM;GALNT3;SNORA48;TMCO3;RP11-392O18.1;HNRNPU;GMPS
WI_38_Y3,WI38,dummy_majority,0,0,0.5,CD46P1;CCHCR1;FANCE;HIST1H2BK;TGOLN2;RP11-9E13.4;RBMXL1;CLCC1;ATRN;ITPRIP;IFNAR1;TRIM55;CAV2;CDC25B;NUP160;FCGR1A;SEC62;HIST1H2AC;RP11-244H3.1;TM9SF3;AC064836.3;HIST1H2BJ;AC017099.3;GABARAPL2;TMEM59;CCDC61;AK3;ITM2B;FES;MFSD11;SEC24D;TMEM9B;TAF6;POC1B;HIST1H2BD;ZNF695;PARVB;ITPRIPL1;CNN2;POMGNT1;PSAP;PAK4;EMD;TRA2B;GMPSP1;HIPK3;RP11-46C20.1;GNE;PECR;ASAH1;HIST1H2BG;AXL;TM2D1;SF3A2;DNAJB14;MED27;ANKRD36B;RCC1;PLEKHH3;WDR63;BANF1;CNTLN;CD46;ABCA3;ADCY7;PCDHB9;DNAJC8;HIST1H2BC;AC139103.1;RDBP;FBL;NUDT1;HNRNPUL1;HNRNPA1;COL27A1;IDS;SRSF3;H2BFS;MRPS11;IDUA;RP11-673C5.1;ZC3HC1;GPR155;SNRPA;ACTG1P10;MRPL37;CHURC1;SLC35F5;CHPF;EPHA1;PTMA;PHB2;PKN3;HNRNPM;GALNT3;SNORA48;TMCO3;RP11-392O18.1;HNRNPU;GMPS
WI_38_O1,WI38,dummy_majority,1,0,0.5,CD46P1;CCHCR1;FANCE;HIST1H2BK;TGOLN2;RP11-9E13.4;RBMXL1;CLCC1;ATRN;ITPRIP;IFNAR1;TRIM55;CAV2;CDC25B;NUP160;FCGR1A;SEC62;HIST1H2AC;RP11-244H3.1;TM9SF3;AC064836.3;HIST1H2BJ;AC017099.3;GABARAPL2;TMEM59;CCDC61;AK3;ITM2B;FES;MFSD11;SEC24D;TMEM9B;TAF6;POC1B;HIST1H2BD;ZNF695;PARVB;ITPRIPL1;CNN2;POMGNT1;PSAP;PAK4;EMD;TRA2B;GMPSP1;HIPK3;RP11-46C20.1;GNE;PECR;ASAH1;HIST1H2BG;AXL;TM2D1;SF3A2;DNAJB14;MED27;ANKRD36B;RCC1;PLEKHH3;WDR63;BANF1;CNTLN;CD46;ABCA3;ADCY7;PCDHB9;DNAJC8;HIST1H2BC;AC139103.1;RDBP;FBL;NUDT1;HNRNPUL1;HNRNPA1;COL27A1;IDS;SRSF3;H2BFS;MRPS11;IDUA;RP11-673C5.1;ZC3HC1;GPR155;SNRPA;ACTG1P10;MRPL37;CHURC1;SLC35F5;CHPF;EPHA1;PTMA;PHB2;PKN3;HNRNPM;GALNT3;SNORA48;TMCO3;RP11-392O18.1;HNRNPU;GMPS
WI_38_O2,WI38,dummy_majority,1,0,0.5,CD46P1;CCHCR1;FANCE;HIST1H2BK;TGOLN2;RP11-9E13.4;RBMXL1;CLCC1;ATRN;ITPRIP;IFNAR1;TRIM55;CAV2;CDC25B;NUP160;FCGR1A;SEC62;HIST1H2AC;RP11-244H3.1;TM9SF3;AC064836.3;HIST1H2BJ;AC017099.3;GABARAPL2;TMEM59;CCDC61;AK3;ITM2B;FES;MFSD11;SEC24D;TMEM9B;TAF6;POC1B;HIST1H2BD;ZNF695;PARVB;ITPRIPL1;CNN2;POMGNT1;PSAP;PAK4;EMD;TRA2B;GMPSP1;HIPK3;RP11-46C20.1;GNE;PECR;ASAH1;HIST1H2BG;AXL;TM2D1;SF3A2;DNAJB14;MED27;ANKRD36B;RCC1;PLEKHH3;WDR63;BANF1;CNTLN;CD46;ABCA3;ADCY7;PCDHB9;DNAJC8;HIST1H2BC;AC139103.1;RDBP;FBL;NUDT1;HNRNPUL1;HNRNPA1;COL27A1;IDS;SRSF3;H2BFS;MRPS11;IDUA;RP11-673C5.1;ZC3HC1;GPR155;SNRPA;ACTG1P10;MRPL37;CHURC1;SLC35F5;CHPF;EPHA1;PTMA;PHB2;PKN3;HNRNPM;GALNT3;SNORA48;TMCO3;RP11-392O18.1;HNRNPU;GMPS
WI_38_O3,WI38,dummy_majority,1,0,0.5,CD46P1;CCHCR1;FANCE;HIST1H2BK;TGOLN2;RP11-9E13.4;RBMXL1;CLCC1;ATRN;ITPRIP;IFNAR1;TRIM55;CAV2;CDC25B;NUP160;FCGR1A;SEC62;HIST1H2AC;RP11-244H3.1;TM9SF3;AC064836.3;HIST1H2BJ;AC017099.3;GABARAPL2;TMEM59;CCDC61;AK3;ITM2B;FES;MFSD11;SEC24D;TMEM9B;TAF6;POC1B;HIST1H2BD;ZNF695;PARVB;ITPRIPL1;CNN2;POMGNT1;PSAP;PAK4;EMD;TRA2B;GMPSP1;HIPK3;RP11-46C20.1;GNE;PECR;ASAH1;HIST1H2BG;AXL;TM2D1;SF3A2;DNAJB14;MED27;ANKRD36B;RCC1;PLEKHH3;WDR63;BANF1;CNTLN;CD46;ABCA3;ADCY7;PCDHB9;DNAJC8;HIST1H2BC;AC139103.1;RDBP;FBL;NUDT1;HNRNPUL1;HNRNPA1;COL27A1;IDS;SRSF3;H2BFS;MRPS11;IDUA;RP11-673C5.1;ZC3HC1;GPR155;SNRPA;ACTG1P10;MRPL37;CHURC1;SLC35F5;CHPF;EPHA1;PTMA;PHB2;PKN3;HNRNPM;GALNT3;SNORA48;TMCO3;RP11-392O18.1;HNRNPU;GMPS
WI_38_Y1,WI38,nearest_centroid_top,0,0,0.0,CD46P1;CCHCR1;FANCE;HIST1H2BK;TGOLN2;RP11-9E13.4;RBMXL1;CLCC1;ATRN;ITPRIP;IFNAR1;TRIM55;CAV2;CDC25B;NUP160;FCGR1A;SEC62;HIST1H2AC;RP11-244H3.1;TM9SF3;AC064836.3;HIST1H2BJ;AC017099.3;GABARAPL2;TMEM59;CCDC61;AK3;ITM2B;FES;MFSD11;SEC24D;TMEM9B;TAF6;POC1B;HIST1H2BD;ZNF695;PARVB;ITPRIPL1;CNN2;POMGNT1;PSAP;PAK4;EMD;TRA2B;GMPSP1;HIPK3;RP11-46C20.1;GNE;PECR;ASAH1;HIST1H2BG;AXL;TM2D1;SF3A2;DNAJB14;MED27;ANKRD36B;RCC1;PLEKHH3;WDR63;BANF1;CNTLN;CD46;ABCA3;ADCY7;PCDHB9;DNAJC8;HIST1H2BC;AC139103.1;RDBP;FBL;NUDT1;HNRNPUL1;HNRNPA1;COL27A1;IDS;SRSF3;H2BFS;MRPS11;IDUA;RP11-673C5.1;ZC3HC1;GPR155;SNRPA;ACTG1P10;MRPL37;CHURC1;SLC35F5;CHPF;EPHA1;PTMA;PHB2;PKN3;HNRNPM;GALNT3;SNORA48;TMCO3;RP11-392O18.1;HNRNPU;GMPS
WI_38_Y2,WI38,nearest_centroid_top,0,0,0.0,CD46P1;CCHCR1;FANCE;HIST1H2BK;TGOLN2;RP11-9E13.4;RBMXL1;CLCC1;ATRN;ITPRIP;IFNAR1;TRIM55;CAV2;CDC25B;NUP160;FCGR1A;SEC62;HIST1H2AC;RP11-244H3.1;TM9SF3;AC064836.3;HIST1H2BJ;AC017099.3;GABARAPL2;TMEM59;CCDC61;AK3;ITM2B;FES;MFSD11;SEC24D;TMEM9B;TAF6;POC1B;HIST1H2BD;ZNF695;PARVB;ITPRIPL1;CNN2;POMGNT1;PSAP;PAK4;EMD;TRA2B;GMPSP1;HIPK3;RP11-46C20.1;GNE;PECR;ASAH1;HIST1H2BG;AXL;TM2D1;SF3A2;DNAJB14;MED27;ANKRD36B;RCC1;PLEKHH3;WDR63;BANF1;CNTLN;CD46;ABCA3;ADCY7;PCDHB9;DNAJC8;HIST1H2BC;AC139103.1;RDBP;FBL;NUDT1;HNRNPUL1;HNRNPA1;COL27A1;IDS;SRSF3;H2BFS;MRPS11;IDUA;RP11-673C5.1;ZC3HC1;GPR155;SNRPA;ACTG1P10;MRPL37;CHURC1;SLC35F5;CHPF;EPHA1;PTMA;PHB2;PKN3;HNRNPM;GALNT3;SNORA48;TMCO3;RP11-392O18.1;HNRNPU;GMPS
WI_38_Y3,WI38,nearest_centroid_top,0,0,0.0,CD46P1;CCHCR1;FANCE;HIST1H2BK;TGOLN2;RP11-9E13.4;RBMXL1;CLCC1;ATRN;ITPRIP;IFNAR1;TRIM55;CAV2;CDC25B;NUP160;FCGR1A;SEC62;HIST1H2AC;RP11-244H3.1;TM9SF3;AC064836.3;HIST1H2BJ;AC017099.3;GABARAPL2;TMEM59;CCDC61;AK3;ITM2B;FES;MFSD11;SEC24D;TMEM9B;TAF6;POC1B;HIST1H2BD;ZNF695;PARVB;ITPRIPL1;CNN2;POMGNT1;PSAP;PAK4;EMD;TRA2B;GMPSP1;HIPK3;RP11-46C20.1;GNE;PECR;ASAH1;HIST1H2BG;AXL;TM2D1;SF3A2;DNAJB14;MED27;ANKRD36B;RCC1;PLEKHH3;WDR63;BANF1;CNTLN;CD46;ABCA3;ADCY7;PCDHB9;DNAJC8;HIST1H2BC;AC139103.1;RDBP;FBL;NUDT1;HNRNPUL1;HNRNPA1;COL27A1;IDS;SRSF3;H2BFS;MRPS11;IDUA;RP11-673C5.1;ZC3HC1;GPR155;SNRPA;ACTG1P10;MRPL37;CHURC1;SLC35F5;CHPF;EPHA1;PTMA;PHB2;PKN3;HNRNPM;GALNT3;SNORA48;TMCO3;RP11-392O18.1;HNRNPU;GMPS
WI_38_O1,WI38,nearest_centroid_top,1,1,1.0,CD46P1;CCHCR1;FANCE;HIST1H2BK;TGOLN2;RP11-9E13.4;RBMXL1;CLCC1;ATRN;ITPRIP;IFNAR1;TRIM55;CAV2;CDC25B;NUP160;FCGR1A;SEC62;HIST1H2AC;RP11-244H3.1;TM9SF3;AC064836.3;HIST1H2BJ;AC017099.3;GABARAPL2;TMEM59;CCDC61;AK3;ITM2B;FES;MFSD11;SEC24D;TMEM9B;TAF6;POC1B;HIST1H2BD;ZNF695;PARVB;ITPRIPL1;CNN2;POMGNT1;PSAP;PAK4;EMD;TRA2B;GMPSP1;HIPK3;RP11-46C20.1;GNE;PECR;ASAH1;HIST1H2BG;AXL;TM2D1;SF3A2;DNAJB14;MED27;ANKRD36B;RCC1;PLEKHH3;WDR63;BANF1;CNTLN;CD46;ABCA3;ADCY7;PCDHB9;DNAJC8;HIST1H2BC;AC139103.1;RDBP;FBL;NUDT1;HNRNPUL1;HNRNPA1;COL27A1;IDS;SRSF3;H2BFS;MRPS11;IDUA;RP11-673C5.1;ZC3HC1;GPR155;SNRPA;ACTG1P10;MRPL37;CHURC1;SLC35F5;CHPF;EPHA1;PTMA;PHB2;PKN3;HNRNPM;GALNT3;SNORA48;TMCO3;RP11-392O18.1;HNRNPU;GMPS
WI_38_O2,WI38,nearest_centroid_top,1,1,1.0,CD46P1;CCHCR1;FANCE;HIST1H2BK;TGOLN2;RP11-9E13.4;RBMXL1;CLCC1;ATRN;ITPRIP;IFNAR1;TRIM55;CAV2;CDC25B;NUP160;FCGR1A;SEC62;HIST1H2AC;RP11-244H3.1;TM9SF3;AC064836.3;HIST1H2BJ;AC017099.3;GABARAPL2;TMEM59;CCDC61;AK3;ITM2B;FES;MFSD11;SEC24D;TMEM9B;TAF6;POC1B;HIST1H2BD;ZNF695;PARVB;ITPRIPL1;CNN2;POMGNT1;PSAP;PAK4;EMD;TRA2B;GMPSP1;HIPK3;RP11-46C20.1;GNE;PECR;ASAH1;HIST1H2BG;AXL;TM2D1;SF3A2;DNAJB14;MED27;ANKRD36B;RCC1;PLEKHH3;WDR63;BANF1;CNTLN;CD46;ABCA3;ADCY7;PCDHB9;DNAJC8;HIST1H2BC;AC139103.1;RDBP;FBL;NUDT1;HNRNPUL1;HNRNPA1;COL27A1;IDS;SRSF3;H2BFS;MRPS11;IDUA;RP11-673C5.1;ZC3HC1;GPR155;SNRPA;ACTG1P10;MRPL37;CHURC1;SLC35F5;CHPF;EPHA1;PTMA;PHB2;PKN3;HNRNPM;GALNT3;SNORA48;TMCO3;RP11-392O18.1;HNRNPU;GMPS
WI_38_O3,WI38,nearest_centroid_top,1,1,1.0,CD46P1;CCHCR1;FANCE;HIST1H2BK;TGOLN2;RP11-9E13.4;RBMXL1;CLCC1;ATRN;ITPRIP;IFNAR1;TRIM55;CAV2;CDC25B;NUP160;FCGR1A;SEC62;HIST1H2AC;RP11-244H3.1;TM9SF3;AC064836.3;HIST1H2BJ;AC017099.3;GABARAPL2;TMEM59;CCDC61;AK3;ITM2B;FES;MFSD11;SEC24D;TMEM9B;TAF6;POC1B;HIST1H2BD;ZNF695;PARVB;ITPRIPL1;CNN2;POMGNT1;PSAP;PAK4;EMD;TRA2B;GMPSP1;HIPK3;RP11-46C20.1;GNE;PECR;ASAH1;HIST1H2BG;AXL;TM2D1;SF3A2;DNAJB14;MED27;ANKRD36B;RCC1;PLEKHH3;WDR63;BANF1;CNTLN;CD46;ABCA3;ADCY7;PCDHB9;DNAJC8;HIST1H2BC;AC139103.1;RDBP;FBL;NUDT1;HNRNPUL1;HNRNPA1;COL27A1;IDS;SRSF3;H2BFS;MRPS11;IDUA;RP11-673C5.1;ZC3HC1;GPR155;SNRPA;ACTG1P10;MRPL37;CHURC1;SLC35F5;CHPF;EPHA1;PTMA;PHB2;PKN3;HNRNPM;GALNT3;SNORA48;TMCO3;RP11-392O18.1;HNRNPU;GMPS
WI_38_Y1,WI38,linear_svm_top,0,0,-0.6410540812044084,CD46P1;CCHCR1;FANCE;HIST1H2BK;TGOLN2;RP11-9E13.4;RBMXL1;CLCC1;ATRN;ITPRIP;IFNAR1;TRIM55;CAV2;CDC25B;NUP160;FCGR1A;SEC62;HIST1H2AC;RP11-244H3.1;TM9SF3;AC064836.3;HIST1H2BJ;AC017099.3;GABARAPL2;TMEM59;CCDC61;AK3;ITM2B;FES;MFSD11;SEC24D;TMEM9B;TAF6;POC1B;HIST1H2BD;ZNF695;PARVB;ITPRIPL1;CNN2;POMGNT1;PSAP;PAK4;EMD;TRA2B;GMPSP1;HIPK3;RP11-46C20.1;GNE;PECR;ASAH1;HIST1H2BG;AXL;TM2D1;SF3A2;DNAJB14;MED27;ANKRD36B;RCC1;PLEKHH3;WDR63;BANF1;CNTLN;CD46;ABCA3;ADCY7;PCDHB9;DNAJC8;HIST1H2BC;AC139103.1;RDBP;FBL;NUDT1;HNRNPUL1;HNRNPA1;COL27A1;IDS;SRSF3;H2BFS;MRPS11;IDUA;RP11-673C5.1;ZC3HC1;GPR155;SNRPA;ACTG1P10;MRPL37;CHURC1;SLC35F5;CHPF;EPHA1;PTMA;PHB2;PKN3;HNRNPM;GALNT3;SNORA48;TMCO3;RP11-392O18.1;HNRNPU;GMPS
WI_38_Y2,WI38,linear_svm_top,0,0,-1.2836101292508009,CD46P1;CCHCR1;FANCE;HIST1H2BK;TGOLN2;RP11-9E13.4;RBMXL1;CLCC1;ATRN;ITPRIP;IFNAR1;TRIM55;CAV2;CDC25B;NUP160;FCGR1A;SEC62;HIST1H2AC;RP11-244H3.1;TM9SF3;AC064836.3;HIST1H2BJ;AC017099.3;GABARAPL2;TMEM59;CCDC61;AK3;ITM2B;FES;MFSD11;SEC24D;TMEM9B;TAF6;POC1B;HIST1H2BD;ZNF695;PARVB;ITPRIPL1;CNN2;POMGNT1;PSAP;PAK4;EMD;TRA2B;GMPSP1;HIPK3;RP11-46C20.1;GNE;PECR;ASAH1;HIST1H2BG;AXL;TM2D1;SF3A2;DNAJB14;MED27;ANKRD36B;RCC1;PLEKHH3;WDR63;BANF1;CNTLN;CD46;ABCA3;ADCY7;PCDHB9;DNAJC8;HIST1H2BC;AC139103.1;RDBP;FBL;NUDT1;HNRNPUL1;HNRNPA1;COL27A1;IDS;SRSF3;H2BFS;MRPS11;IDUA;RP11-673C5.1;ZC3HC1;GPR155;SNRPA;ACTG1P10;MRPL37;CHURC1;SLC35F5;CHPF;EPHA1;PTMA;PHB2;PKN3;HNRNPM;GALNT3;SNORA48;TMCO3;RP11-392O18.1;HNRNPU;GMPS
WI_38_Y3,WI38,linear_svm_top,0,0,-0.8350024599904607,CD46P1;CCHCR1;FANCE;HIST1H2BK;TGOLN2;RP11-9E13.4;RBMXL1;CLCC1;ATRN;ITPRIP;IFNAR1;TRIM55;CAV2;CDC25B;NUP160;FCGR1A;SEC62;HIST1H2AC;RP11-244H3.1;TM9SF3;AC064836.3;HIST1H2BJ;AC017099.3;GABARAPL2;TMEM59;CCDC61;AK3;ITM2B;FES;MFSD11;SEC24D;TMEM9B;TAF6;POC1B;HIST1H2BD;ZNF695;PARVB;ITPRIPL1;CNN2;POMGNT1;PSAP;PAK4;EMD;TRA2B;GMPSP1;HIPK3;RP11-46C20.1;GNE;PECR;ASAH1;HIST1H2BG;AXL;TM2D1;SF3A2;DNAJB14;MED27;ANKRD36B;RCC1;PLEKHH3;WDR63;BANF1;CNTLN;CD46;ABCA3;ADCY7;PCDHB9;DNAJC8;HIST1H2BC;AC139103.1;RDBP;FBL;NUDT1;HNRNPUL1;HNRNPA1;COL27A1;IDS;SRSF3;H2BFS;MRPS11;IDUA;RP11-673C5.1;ZC3HC1;GPR155;SNRPA;ACTG1P10;MRPL37;CHURC1;SLC35F5;CHPF;EPHA1;PTMA;PHB2;PKN3;HNRNPM;GALNT3;SNORA48;TMCO3;RP11-392O18.1;HNRNPU;GMPS
WI_38_O1,WI38,linear_svm_top,1,1,1.4367480510485213,CD46P1;CCHCR1;FANCE;HIST1H2BK;TGOLN2;RP11-9E13.4;RBMXL1;CLCC1;ATRN;ITPRIP;IFNAR1;TRIM55;CAV2;CDC25B;NUP160;FCGR1A;SEC62;HIST1H2AC;RP11-244H3.1;TM9SF3;AC064836.3;HIST1H2BJ;AC017099.3;GABARAPL2;TMEM59;CCDC61;AK3;ITM2B;FES;MFSD11;SEC24D;TMEM9B;TAF6;POC1B;HIST1H2BD;ZNF695;PARVB;ITPRIPL1;CNN2;POMGNT1;PSAP;PAK4;EMD;TRA2B;GMPSP1;HIPK3;RP11-46C20.1;GNE;PECR;ASAH1;HIST1H2BG;AXL;TM2D1;SF3A2;DNAJB14;MED27;ANKRD36B;RCC1;PLEKHH3;WDR63;BANF1;CNTLN;CD46;ABCA3;ADCY7;PCDHB9;DNAJC8;HIST1H2BC;AC139103.1;RDBP;FBL;NUDT1;HNRNPUL1;HNRNPA1;COL27A1;IDS;SRSF3;H2BFS;MRPS11;IDUA;RP11-673C5.1;ZC3HC1;GPR155;SNRPA;ACTG1P10;MRPL37;CHURC1;SLC35F5;CHPF;EPHA1;PTMA;PHB2;PKN3;HNRNPM;GALNT3;SNORA48;TMCO3;RP11-392O18.1;HNRNPU;GMPS
WI_38_O2,WI38,linear_svm_top,1,1,1.3009591847741535,CD46P1;CCHCR1;FANCE;HIST1H2BK;TGOLN2;RP11-9E13.4;RBMXL1;CLCC1;ATRN;ITPRIP;IFNAR1;TRIM55;CAV2;CDC25B;NUP160;FCGR1A;SEC62;HIST1H2AC;RP11-244H3.1;TM9SF3;AC064836.3;HIST1H2BJ;AC017099.3;GABARAPL2;TMEM59;CCDC61;AK3;ITM2B;FES;MFSD11;SEC24D;TMEM9B;TAF6;POC1B;HIST1H2BD;ZNF695;PARVB;ITPRIPL1;CNN2;POMGNT1;PSAP;PAK4;EMD;TRA2B;GMPSP1;HIPK3;RP11-46C20.1;GNE;PECR;ASAH1;HIST1H2BG;AXL;TM2D1;SF3A2;DNAJB14;MED27;ANKRD36B;RCC1;PLEKHH3;WDR63;BANF1;CNTLN;CD46;ABCA3;ADCY7;PCDHB9;DNAJC8;HIST1H2BC;AC139103.1;RDBP;FBL;NUDT1;HNRNPUL1;HNRNPA1;COL27A1;IDS;SRSF3;H2BFS;MRPS11;IDUA;RP11-673C5.1;ZC3HC1;GPR155;SNRPA;ACTG1P10;MRPL37;CHURC1;SLC35F5;CHPF;EPHA1;PTMA;PHB2;PKN3;HNRNPM;GALNT3;SNORA48;TMCO3;RP11-392O18.1;HNRNPU;GMPS
WI_38_O3,WI38,linear_svm_top,1,1,1.5148984997067256,CD46P1;CCHCR1;FANCE;HIST1H2BK;TGOLN2;RP11-9E13.4;RBMXL1;CLCC1;ATRN;ITPRIP;IFNAR1;TRIM55;CAV2;CDC25B;NUP160;FCGR1A;SEC62;HIST1H2AC;RP11-244H3.1;TM9SF3;AC064836.3;HIST1H2BJ;AC017099.3;GABARAPL2;TMEM59;CCDC61;AK3;ITM2B;FES;MFSD11;SEC24D;TMEM9B;TAF6;POC1B;HIST1H2BD;ZNF695;PARVB;ITPRIPL1;CNN2;POMGNT1;PSAP;PAK4;EMD;TRA2B;GMPSP1;HIPK3;RP11-46C20.1;GNE;PECR;ASAH1;HIST1H2BG;AXL;TM2D1;SF3A2;DNAJB14;MED27;ANKRD36B;RCC1;PLEKHH3;WDR63;BANF1;CNTLN;CD46;ABCA3;ADCY7;PCDHB9;DNAJC8;HIST1H2BC;AC139103.1;RDBP;FBL;NUDT1;HNRNPUL1;HNRNPA1;COL27A1;IDS;SRSF3;H2BFS;MRPS11;IDUA;RP11-673C5.1;ZC3HC1;GPR155;SNRPA;ACTG1P10;MRPL37;CHURC1;SLC35F5;CHPF;EPHA1;PTMA;PHB2;PKN3;HNRNPM;GALNT3;SNORA48;TMCO3;RP11-392O18.1;HNRNPU;GMPS
WI_38_Y1,WI38,logistic_top,0,0,0.24471711828911988,CD46P1;CCHCR1;FANCE;HIST1H2BK;TGOLN2;RP11-9E13.4;RBMXL1;CLCC1;ATRN;ITPRIP;IFNAR1;TRIM55;CAV2;CDC25B;NUP160;FCGR1A;SEC62;HIST1H2AC;RP11-244H3.1;TM9SF3;AC064836.3;HIST1H2BJ;AC017099.3;GABARAPL2;TMEM59;CCDC61;AK3;ITM2B;FES;MFSD11;SEC24D;TMEM9B;TAF6;POC1B;HIST1H2BD;ZNF695;PARVB;ITPRIPL1;CNN2;POMGNT1;PSAP;PAK4;EMD;TRA2B;GMPSP1;HIPK3;RP11-46C20.1;GNE;PECR;ASAH1;HIST1H2BG;AXL;TM2D1;SF3A2;DNAJB14;MED27;ANKRD36B;RCC1;PLEKHH3;WDR63;BANF1;CNTLN;CD46;ABCA3;ADCY7;PCDHB9;DNAJC8;HIST1H2BC;AC139103.1;RDBP;FBL;NUDT1;HNRNPUL1;HNRNPA1;COL27A1;IDS;SRSF3;H2BFS;MRPS11;IDUA;RP11-673C5.1;ZC3HC1;GPR155;SNRPA;ACTG1P10;MRPL37;CHURC1;SLC35F5;CHPF;EPHA1;PTMA;PHB2;PKN3;HNRNPM;GALNT3;SNORA48;TMCO3;RP11-392O18.1;HNRNPU;GMPS
WI_38_Y2,WI38,logistic_top,0,0,0.07868272816790636,CD46P1;CCHCR1;FANCE;HIST1H2BK;TGOLN2;RP11-9E13.4;RBMXL1;CLCC1;ATRN;ITPRIP;IFNAR1;TRIM55;CAV2;CDC25B;NUP160;FCGR1A;SEC62;HIST1H2AC;RP11-244H3.1;TM9SF3;AC064836.3;HIST1H2BJ;AC017099.3;GABARAPL2;TMEM59;CCDC61;AK3;ITM2B;FES;MFSD11;SEC24D;TMEM9B;TAF6;POC1B;HIST1H2BD;ZNF695;PARVB;ITPRIPL1;CNN2;POMGNT1;PSAP;PAK4;EMD;TRA2B;GMPSP1;HIPK3;RP11-46C20.1;GNE;PECR;ASAH1;HIST1H2BG;AXL;TM2D1;SF3A2;DNAJB14;MED27;ANKRD36B;RCC1;PLEKHH3;WDR63;BANF1;CNTLN;CD46;ABCA3;ADCY7;PCDHB9;DNAJC8;HIST1H2BC;AC139103.1;RDBP;FBL;NUDT1;HNRNPUL1;HNRNPA1;COL27A1;IDS;SRSF3;H2BFS;MRPS11;IDUA;RP11-673C5.1;ZC3HC1;GPR155;SNRPA;ACTG1P10;MRPL37;CHURC1;SLC35F5;CHPF;EPHA1;PTMA;PHB2;PKN3;HNRNPM;GALNT3;SNORA48;TMCO3;RP11-392O18.1;HNRNPU;GMPS
WI_38_Y3,WI38,logistic_top,0,0,0.17738237123018036,CD46P1;CCHCR1;FANCE;HIST1H2BK;TGOLN2;RP11-9E13.4;RBMXL1;CLCC1;ATRN;ITPRIP;IFNAR1;TRIM55;CAV2;CDC25B;NUP160;FCGR1A;SEC62;HIST1H2AC;RP11-244H3.1;TM9SF3;AC064836.3;HIST1H2BJ;AC017099.3;GABARAPL2;TMEM59;CCDC61;AK3;ITM2B;FES;MFSD11;SEC24D;TMEM9B;TAF6;POC1B;HIST1H2BD;ZNF695;PARVB;ITPRIPL1;CNN2;POMGNT1;PSAP;PAK4;EMD;TRA2B;GMPSP1;HIPK3;RP11-46C20.1;GNE;PECR;ASAH1;HIST1H2BG;AXL;TM2D1;SF3A2;DNAJB14;MED27;ANKRD36B;RCC1;PLEKHH3;WDR63;BANF1;CNTLN;CD46;ABCA3;ADCY7;PCDHB9;DNAJC8;HIST1H2BC;AC139103.1;RDBP;FBL;NUDT1;HNRNPUL1;HNRNPA1;COL27A1;IDS;SRSF3;H2BFS;MRPS11;IDUA;RP11-673C5.1;ZC3HC1;GPR155;SNRPA;ACTG1P10;MRPL37;CHURC1;SLC35F5;CHPF;EPHA1;PTMA;PHB2;PKN3;HNRNPM;GALNT3;SNORA48;TMCO3;RP11-392O18.1;HNRNPU;GMPS
WI_38_O1,WI38,logistic_top,1,1,0.999922474694401,CD46P1;CCHCR1;FANCE;HIST1H2BK;TGOLN2;RP11-9E13.4;RBMXL1;CLCC1;ATRN;ITPRIP;IFNAR1;TRIM55;CAV2;CDC25B;NUP160;FCGR1A;SEC62;HIST1H2AC;RP11-244H3.1;TM9SF3;AC064836.3;HIST1H2BJ;AC017099.3;GABARAPL2;TMEM59;CCDC61;AK3;ITM2B;FES;MFSD11;SEC24D;TMEM9B;TAF6;POC1B;HIST1H2BD;ZNF695;PARVB;ITPRIPL1;CNN2;POMGNT1;PSAP;PAK4;EMD;TRA2B;GMPSP1;HIPK3;RP11-46C20.1;GNE;PECR;ASAH1;HIST1H2BG;AXL;TM2D1;SF3A2;DNAJB14;MED27;ANKRD36B;RCC1;PLEKHH3;WDR63;BANF1;CNTLN;CD46;ABCA3;ADCY7;PCDHB9;DNAJC8;HIST1H2BC;AC139103.1;RDBP;FBL;NUDT1;HNRNPUL1;HNRNPA1;COL27A1;IDS;SRSF3;H2BFS;MRPS11;IDUA;RP11-673C5.1;ZC3HC1;GPR155;SNRPA;ACTG1P10;MRPL37;CHURC1;SLC35F5;CHPF;EPHA1;PTMA;PHB2;PKN3;HNRNPM;GALNT3;SNORA48;TMCO3;RP11-392O18.1;HNRNPU;GMPS
WI_38_O2,WI38,logistic_top,1,1,0.9999366071301223,CD46P1;CCHCR1;FANCE;HIST1H2BK;TGOLN2;RP11-9E13.4;RBMXL1;CLCC1;ATRN;ITPRIP;IFNAR1;TRIM55;CAV2;CDC25B;NUP160;FCGR1A;SEC62;HIST1H2AC;RP11-244H3.1;TM9SF3;AC064836.3;HIST1H2BJ;AC017099.3;GABARAPL2;TMEM59;CCDC61;AK3;ITM2B;FES;MFSD11;SEC24D;TMEM9B;TAF6;POC1B;HIST1H2BD;ZNF695;PARVB;ITPRIPL1;CNN2;POMGNT1;PSAP;PAK4;EMD;TRA2B;GMPSP1;HIPK3;RP11-46C20.1;GNE;PECR;ASAH1;HIST1H2BG;AXL;TM2D1;SF3A2;DNAJB14;MED27;ANKRD36B;RCC1;PLEKHH3;WDR63;BANF1;CNTLN;CD46;ABCA3;ADCY7;PCDHB9;DNAJC8;HIST1H2BC;AC139103.1;RDBP;FBL;NUDT1;HNRNPUL1;HNRNPA1;COL27A1;IDS;SRSF3;H2BFS;MRPS11;IDUA;RP11-673C5.1;ZC3HC1;GPR155;SNRPA;ACTG1P10;MRPL37;CHURC1;SLC35F5;CHPF;EPHA1;PTMA;PHB2;PKN3;HNRNPM;GALNT3;SNORA48;TMCO3;RP11-392O18.1;HNRNPU;GMPS
WI_38_O3,WI38,logistic_top,1,1,0.9999634036071788,CD46P1;CCHCR1;FANCE;HIST1H2BK;TGOLN2;RP11-9E13.4;RBMXL1;CLCC1;ATRN;ITPRIP;IFNAR1;TRIM55;CAV2;CDC25B;NUP160;FCGR1A;SEC62;HIST1H2AC;RP11-244H3.1;TM9SF3;AC064836.3;HIST1H2BJ;AC017099.3;GABARAPL2;TMEM59;CCDC61;AK3;ITM2B;FES;MFSD11;SEC24D;TMEM9B;TAF6;POC1B;HIST1H2BD;ZNF695;PARVB;ITPRIPL1;CNN2;POMGNT1;PSAP;PAK4;EMD;TRA2B;GMPSP1;HIPK3;RP11-46C20.1;GNE;PECR;ASAH1;HIST1H2BG;AXL;TM2D1;SF3A2;DNAJB14;MED27;ANKRD36B;RCC1;PLEKHH3;WDR63;BANF1;CNTLN;CD46;ABCA3;ADCY7;PCDHB9;DNAJC8;HIST1H2BC;AC139103.1;RDBP;FBL;NUDT1;HNRNPUL1;HNRNPA1;COL27A1;IDS;SRSF3;H2BFS;MRPS11;IDUA;RP11-673C5.1;ZC3HC1;GPR155;SNRPA;ACTG1P10;MRPL37;CHURC1;SLC35F5;CHPF;EPHA1;PTMA;PHB2;PKN3;HNRNPM;GALNT3;SNORA48;TMCO3;RP11-392O18.1;HNRNPU;GMPS
WI_38_Y1,WI38,logistic_all,0,0,0.005521157517026812,CD46P1;CCHCR1;FANCE;HIST1H2BK;TGOLN2;RP11-9E13.4;RBMXL1;CLCC1;ATRN;ITPRIP;IFNAR1;TRIM55;CAV2;CDC25B;NUP160;FCGR1A;SEC62;HIST1H2AC;RP11-244H3.1;TM9SF3;AC064836.3;HIST1H2BJ;AC017099.3;GABARAPL2;TMEM59;CCDC61;AK3;ITM2B;FES;MFSD11;SEC24D;TMEM9B;TAF6;POC1B;HIST1H2BD;ZNF695;PARVB;ITPRIPL1;CNN2;POMGNT1;PSAP;PAK4;EMD;TRA2B;GMPSP1;HIPK3;RP11-46C20.1;GNE;PECR;ASAH1;HIST1H2BG;AXL;TM2D1;SF3A2;DNAJB14;MED27;ANKRD36B;RCC1;PLEKHH3;WDR63;BANF1;CNTLN;CD46;ABCA3;ADCY7;PCDHB9;DNAJC8;HIST1H2BC;AC139103.1;RDBP;FBL;NUDT1;HNRNPUL1;HNRNPA1;COL27A1;IDS;SRSF3;H2BFS;MRPS11;IDUA;RP11-673C5.1;ZC3HC1;GPR155;SNRPA;ACTG1P10;MRPL37;CHURC1;SLC35F5;CHPF;EPHA1;PTMA;PHB2;PKN3;HNRNPM;GALNT3;SNORA48;TMCO3;RP11-392O18.1;HNRNPU;GMPS
WI_38_Y2,WI38,logistic_all,0,0,0.003321342709163047,CD46P1;CCHCR1;FANCE;HIST1H2BK;TGOLN2;RP11-9E13.4;RBMXL1;CLCC1;ATRN;ITPRIP;IFNAR1;TRIM55;CAV2;CDC25B;NUP160;FCGR1A;SEC62;HIST1H2AC;RP11-244H3.1;TM9SF3;AC064836.3;HIST1H2BJ;AC017099.3;GABARAPL2;TMEM59;CCDC61;AK3;ITM2B;FES;MFSD11;SEC24D;TMEM9B;TAF6;POC1B;HIST1H2BD;ZNF695;PARVB;ITPRIPL1;CNN2;POMGNT1;PSAP;PAK4;EMD;TRA2B;GMPSP1;HIPK3;RP11-46C20.1;GNE;PECR;ASAH1;HIST1H2BG;AXL;TM2D1;SF3A2;DNAJB14;MED27;ANKRD36B;RCC1;PLEKHH3;WDR63;BANF1;CNTLN;CD46;ABCA3;ADCY7;PCDHB9;DNAJC8;HIST1H2BC;AC139103.1;RDBP;FBL;NUDT1;HNRNPUL1;HNRNPA1;COL27A1;IDS;SRSF3;H2BFS;MRPS11;IDUA;RP11-673C5.1;ZC3HC1;GPR155;SNRPA;ACTG1P10;MRPL37;CHURC1;SLC35F5;CHPF;EPHA1;PTMA;PHB2;PKN3;HNRNPM;GALNT3;SNORA48;TMCO3;RP11-392O18.1;HNRNPU;GMPS
WI_38_Y3,WI38,logistic_all,0,0,0.0035282069439698718,CD46P1;CCHCR1;FANCE;HIST1H2BK;TGOLN2;RP11-9E13.4;RBMXL1;CLCC1;ATRN;ITPRIP;IFNAR1;TRIM55;CAV2;CDC25B;NUP160;FCGR1A;SEC62;HIST1H2AC;RP11-244H3.1;TM9SF3;AC064836.3;HIST1H2BJ;AC017099.3;GABARAPL2;TMEM59;CCDC61;AK3;ITM2B;FES;MFSD11;SEC24D;TMEM9B;TAF6;POC1B;HIST1H2BD;ZNF695;PARVB;ITPRIPL1;CNN2;POMGNT1;PSAP;PAK4;EMD;TRA2B;GMPSP1;HIPK3;RP11-46C20.1;GNE;PECR;ASAH1;HIST1H2BG;AXL;TM2D1;SF3A2;DNAJB14;MED27;ANKRD36B;RCC1;PLEKHH3;WDR63;BANF1;CNTLN;CD46;ABCA3;ADCY7;PCDHB9;DNAJC8;HIST1H2BC;AC139103.1;RDBP;FBL;NUDT1;HNRNPUL1;HNRNPA1;COL27A1;IDS;SRSF3;H2BFS;MRPS11;IDUA;RP11-673C5.1;ZC3HC1;GPR155;SNRPA;ACTG1P10;MRPL37;CHURC1;SLC35F5;CHPF;EPHA1;PTMA;PHB2;PKN3;HNRNPM;GALNT3;SNORA48;TMCO3;RP11-392O18.1;HNRNPU;GMPS
WI_38_O1,WI38,logistic_all,1,1,0.9999705003928074,CD46P1;CCHCR1;FANCE;HIST1H2BK;TGOLN2;RP11-9E13.4;RBMXL1;CLCC1;ATRN;ITPRIP;IFNAR1;TRIM55;CAV2;CDC25B;NUP160;FCGR1A;SEC62;HIST1H2AC;RP11-244H3.1;TM9SF3;AC064836.3;HIST1H2BJ;AC017099.3;GABARAPL2;TMEM59;CCDC61;AK3;ITM2B;FES;MFSD11;SEC24D;TMEM9B;TAF6;POC1B;HIST1H2BD;ZNF695;PARVB;ITPRIPL1;CNN2;POMGNT1;PSAP;PAK4;EMD;TRA2B;GMPSP1;HIPK3;RP11-46C20.1;GNE;PECR;ASAH1;HIST1H2BG;AXL;TM2D1;SF3A2;DNAJB14;MED27;ANKRD36B;RCC1;PLEKHH3;WDR63;BANF1;CNTLN;CD46;ABCA3;ADCY7;PCDHB9;DNAJC8;HIST1H2BC;AC139103.1;RDBP;FBL;NUDT1;HNRNPUL1;HNRNPA1;COL27A1;IDS;SRSF3;H2BFS;MRPS11;IDUA;RP11-673C5.1;ZC3HC1;GPR155;SNRPA;ACTG1P10;MRPL37;CHURC1;SLC35F5;CHPF;EPHA1;PTMA;PHB2;PKN3;HNRNPM;GALNT3;SNORA48;TMCO3;RP11-392O18.1;HNRNPU;GMPS
WI_38_O2,WI38,logistic_all,1,1,0.9999765032817994,CD46P1;CCHCR1;FANCE;HIST1H2BK;TGOLN2;RP11-9E13.4;RBMXL1;CLCC1;ATRN;ITPRIP;IFNAR1;TRIM55;CAV2;CDC25B;NUP160;FCGR1A;SEC62;HIST1H2AC;RP11-244H3.1;TM9SF3;AC064836.3;HIST1H2BJ;AC017099.3;GABARAPL2;TMEM59;CCDC61;AK3;ITM2B;FES;MFSD11;SEC24D;TMEM9B;TAF6;POC1B;HIST1H2BD;ZNF695;PARVB;ITPRIPL1;CNN2;POMGNT1;PSAP;PAK4;EMD;TRA2B;GMPSP1;HIPK3;RP11-46C20.1;GNE;PECR;ASAH1;HIST1H2BG;AXL;TM2D1;SF3A2;DNAJB14;MED27;ANKRD36B;RCC1;PLEKHH3;WDR63;BANF1;CNTLN;CD46;ABCA3;ADCY7;PCDHB9;DNAJC8;HIST1H2BC;AC139103.1;RDBP;FBL;NUDT1;HNRNPUL1;HNRNPA1;COL27A1;IDS;SRSF3;H2BFS;MRPS11;IDUA;RP11-673C5.1;ZC3HC1;GPR155;SNRPA;ACTG1P10;MRPL37;CHURC1;SLC35F5;CHPF;EPHA1;PTMA;PHB2;PKN3;HNRNPM;GALNT3;SNORA48;TMCO3;RP11-392O18.1;HNRNPU;GMPS
WI_38_O3,WI38,logistic_all,1,1,0.9999623210406496,CD46P1;CCHCR1;FANCE;HIST1H2BK;TGOLN2;RP11-9E13.4;RBMXL1;CLCC1;ATRN;ITPRIP;IFNAR1;TRIM55;CAV2;CDC25B;NUP160;FCGR1A;SEC62;HIST1H2AC;RP11-244H3.1;TM9SF3;AC064836.3;HIST1H2BJ;AC017099.3;GABARAPL2;TMEM59;CCDC61;AK3;ITM2B;FES;MFSD11;SEC24D;TMEM9B;TAF6;POC1B;HIST1H2BD;ZNF695;PARVB;ITPRIPL1;CNN2;POMGNT1;PSAP;PAK4;EMD;TRA2B;GMPSP1;HIPK3;RP11-46C20.1;GNE;PECR;ASAH1;HIST1H2BG;AXL;TM2D1;SF3A2;DNAJB14;MED27;ANKRD36B;RCC1;PLEKHH3;WDR63;BANF1;CNTLN;CD46;ABCA3;ADCY7;PCDHB9;DNAJC8;HIST1H2BC;AC139103.1;RDBP;FBL;NUDT1;HNRNPUL1;HNRNPA1;COL27A1;IDS;SRSF3;H2BFS;MRPS11;IDUA;RP11-673C5.1;ZC3HC1;GPR155;SNRPA;ACTG1P10;MRPL37;CHURC1;SLC35F5;CHPF;EPHA1;PTMA;PHB2;PKN3;HNRNPM;GALNT3;SNORA48;TMCO3;RP11-392O18.1;HNRNPU;GMPS
